record_type,elapsed_seconds,green_mean,filtered_signal,breathing_event,heart_rate_bpm,signal_quality_percent,sdnn_ms,rmssd_ms,pnn50_percent,mean_pulse_interval_ms
sample,0.112,24.23792,0.00000,,,,,,,
sample,0.145,22.13646,-0.75653,,,,,,,
sample,0.178,12.55042,-5.31748,,,,,,,
sample,0.211,15.01313,-3.98827,,,,,,,
sample,0.245,180.49854,92.20338,,,,,,,
sample,0.278,222.16792,128.58532,,,,,,,
sample,0.311,241.27479,135.88274,,,,,,,
sample,0.345,246.54021,128.75837,,,,,,,
sample,0.379,246.54021,116.68453,,,,,,,
sample,0.411,67.09375,-11.04067,,,,,,,
sample,0.445,33.30792,-64.94424,,,,,,,
sample,0.478,33.30792,-74.88284,,,,,,,
sample,0.512,39.89292,-68.92773,,,,,,,
sample,0.545,67.82500,-45.15996,,,,,,,
sample,0.579,169.99708,31.87867,,,,,,,
sample,0.612,195.19438,67.67494,,,,,,,
sample,0.645,195.19438,74.24208,,,,,,,
sample,0.679,208.55896,82.09696,,,,,,,
sample,0.712,85.33125,-2.98474,,,,,,,
sample,0.746,0.20271,-83.73695,,,,,,,
sample,0.779,0.00333,-102.53660,,,,,,,
sample,0.813,0.00000,-104.20779,,,,,,,
sample,0.846,0.00146,-101.39221,,,,,,,
sample,0.880,0.00000,-97.59594,,,,,,,
sample,0.913,0.00000,-93.76474,,,,,,,
sample,0.946,0.00000,-90.13670,,,,,,,
sample,0.980,0.00000,-86.75483,,,,,,,
sample,1.013,0.00000,-83.61088,,,,,,,
sample,1.046,0.72021,-80.18441,,,,,,,
sample,1.080,11.20000,-70.03861,,,,,,,
sample,1.114,11.20000,-65.66273,,,,,,,
sample,1.147,4.09125,-67.95671,,,,,,,
sample,1.180,4.09125,-67.09687,,,,,,,
sample,1.213,3.31521,-65.98464,,,,,,,
sample,1.247,3.31521,-64.32471,,,,,,,
sample,1.280,2.80125,-62.94612,,,,,,,
sample,1.314,2.80125,-61.34565,,,,,,,
sample,1.347,7.28917,-56.60071,,,,,,,
sample,1.381,7.28917,-54.26125,,,,,,,
sample,1.414,14.32021,-47.71009,,,,,,,
sample,1.448,14.32021,-45.08266,,,,,,,
sample,1.481,2.50750,-51.89430,,,,,,,
sample,1.514,2.50750,-52.88828,,,,,,,
sample,1.548,0.00417,-54.05626,,,,,,,
sample,1.582,0.00417,-53.51113,,,,,,,
sample,1.615,0.03562,-52.50208,,,,,,,
sample,1.649,0.03562,-51.42128,,,,,,,
sample,1.682,0.25354,-50.20000,,,,,,,
sample,1.716,0.25354,-49.12739,,,,,,,
sample,1.748,0.02000,-48.29042,,,,,,,
sample,1.782,0.02000,-47.37892,,,,,,,
sample,1.816,0.00000,-46.48671,,,,,,,
sample,1.854,0.00000,-45.61009,,,,,,,
sample,1.899,0.00000,-44.76105,,,,,,,
sample,1.932,0.00000,-43.94168,,,,,,,
sample,1.966,0.00000,-43.15138,,,,,,,
sample,1.999,0.00000,-42.38891,,,,,,,
sample,2.032,0.00000,-41.65290,,,,,,,
sample,2.066,0.00000,-40.94200,,,,,,,
sample,2.103,0.00000,-40.25496,,,,,,,
sample,2.149,0.00000,-39.59060,,,,,,,
sample,2.183,0.00000,-38.94782,,,,,,,
sample,2.216,0.00000,-38.32558,,,,,,,
sample,2.250,0.00000,-37.72291,,,,,,,
sample,2.283,0.00000,-37.13891,,,,,,,
sample,2.317,0.00000,-36.57271,,,,,,,
sample,2.353,0.00000,-36.02352,,,,,,,
sample,2.400,0.00000,-35.49059,,,,,,,
sample,2.433,0.00000,-34.97319,,,,,,,
sample,2.467,0.00000,-34.47066,,,,,,,
sample,2.501,0.00000,-33.98238,,,,,,,
sample,2.534,0.00000,-33.59986,,,,,,,
sample,2.567,0.00000,-33.26828,,,,,,,
sample,2.603,0.00000,-33.04816,,,,,,,
sample,2.651,0.00000,-31.31460,,,,,,,
sample,2.684,0.00000,-28.54404,,,,,,,
sample,2.717,0.00000,-25.28660,,,,,,,
sample,2.751,0.00000,-21.83868,,,,,,,
sample,2.784,0.00000,-18.33742,,,,,,,
sample,2.818,0.00000,-16.66696,,,,,,,
sample,2.854,0.00000,-15.85663,,,,,,,
sample,2.901,0.00000,-15.28715,,,,,,,
sample,2.934,0.00000,-14.71736,,,,,,,
sample,2.968,0.00000,-13.86019,,,,,,,
sample,3.001,0.00000,-11.87165,,,,,,,
sample,3.035,0.00000,-9.30714,,,,,,,
sample,3.068,0.00000,-6.58136,,,,,,,
sample,3.103,0.00000,-3.67297,,,,,,,
sample,3.152,0.00000,-1.99261,,,,,,,
sample,3.185,0.00000,-1.52208,,,,,,,
sample,3.219,0.00000,-1.39033,,,,,,,
sample,3.252,0.00000,-1.35343,,,,,,,
sample,3.285,0.00000,-1.34309,,,,,,,
sample,3.319,0.00000,-1.34020,,,,,,,
sample,3.353,0.00000,-1.33939,,,,,,,
sample,3.386,0.00000,-1.33916,,,,,,,
sample,3.419,0.00000,-1.33910,,,,,,,
sample,3.453,0.00000,-1.33156,,,,,,,
sample,3.486,0.00000,-1.21259,,,,,,,
sample,3.519,0.00000,-1.06240,,,,,,,
sample,3.553,0.00000,-0.97766,,,,,,,
sample,3.586,0.00000,-0.91124,,,,,,,
sample,3.620,0.00000,-0.85805,,,,,,,
sample,3.653,0.00000,-0.80856,,,,,,,
sample,3.686,0.00000,-0.76548,,,,,,,
sample,3.720,0.00000,-0.72418,,,,,,,
sample,3.753,0.00000,-0.63656,,,,,,,
sample,3.787,0.00000,-0.53596,,,,,,,
sample,3.820,0.00000,-0.35837,,,,,,,
sample,3.854,0.00000,-0.15921,,,,,,,
sample,3.887,0.00000,-0.07728,,,,,,,
sample,3.920,0.00000,-0.02818,,,,,,,
sample,3.954,0.00000,-0.01439,,,,,,,
sample,3.987,0.00000,-0.01048,,,,,,,
sample,4.020,0.00000,-0.00901,,,,,,,
sample,4.054,0.00000,-0.00823,,,,,,,
sample,4.088,0.00000,-0.00537,,,,,,,
sample,4.121,0.00000,-0.00192,,,,,,,
sample,4.155,0.00000,-0.00075,,,,,,,
sample,4.188,0.00000,-0.00021,,,,,,,
sample,4.221,0.00000,-0.00006,,,,,,,
sample,4.255,0.00000,-0.00002,,,,,,,
sample,4.288,0.00000,-0.00000,,,,,,,
sample,4.321,0.00000,-0.00000,,,,,,,
sample,4.355,0.00000,-0.00000,,,,,,,
sample,4.388,0.00000,-0.00000,,,,,,,
sample,4.422,0.00000,-0.00000,,,,,,,
sample,4.455,0.00000,-0.00000,,,,,,,
sample,4.488,0.00000,-0.00000,,,,,,,
sample,4.522,0.00000,-0.00000,,,,,,,
sample,4.555,0.00000,-0.00000,,,,,,,
sample,4.589,0.00000,-0.00000,,,,,,,
sample,4.622,0.00000,-0.00000,,,,,,,
sample,4.655,0.00000,-0.00000,,,,,,,
sample,4.689,0.00000,-0.00000,,,,,,,
sample,4.722,0.00000,-0.00000,,,,,,,
sample,4.756,0.00000,-0.00000,,,,,,,
sample,4.789,0.00000,-0.00000,,,,,,,
sample,4.822,0.00000,-0.00000,,,,,,,
sample,4.856,0.00000,-0.00000,,,,,,,
sample,4.889,0.00000,-0.00000,,,,,,,
sample,4.923,0.00000,-0.00000,,,,,,,
sample,4.956,0.00000,-0.00000,,,,,,,
sample,4.990,0.00000,-0.00000,,,,,,,
sample,5.023,0.00000,-0.00000,,,,,,,
sample,5.056,0.00000,-0.00000,,,,,,,
sample,5.090,0.00000,-0.00000,,,,,,,
sample,5.123,0.00000,-0.00000,,,,,,,
sample,5.157,0.00000,-0.00000,,,,,,,
sample,5.190,0.00000,-0.00000,,,,,,,
sample,5.223,0.00000,-0.00000,,,,,,,
sample,5.257,0.00000,-0.00000,,,,,,,
sample,5.290,0.00000,-0.00000,,,,,,,
sample,5.324,0.00000,-0.00000,,,,,,,
sample,5.358,0.00000,-0.00000,,,,,,,
sample,5.391,0.00000,-0.00000,,,,,,,
sample,5.424,0.00000,-0.00000,,,,,,,
sample,5.458,0.00000,-0.00000,,,,,,,
sample,5.491,0.00000,-0.00000,,,,,,,
sample,5.524,0.00000,-0.00000,,,,,,,
sample,5.558,0.00000,-0.00000,,,,,,,
sample,5.591,0.00000,-0.00000,,,,,,,
sample,5.625,0.00000,-0.00000,,,,,,,
sample,5.658,0.00000,-0.00000,,,,,,,
sample,5.691,0.00000,-0.00000,,,,,,,
sample,5.725,0.00000,-0.00000,,,,,,,
sample,5.758,0.00000,-0.00000,,,,,,,
sample,5.792,0.00000,-0.00000,,,,,,,
sample,5.825,0.00000,-0.00000,,,,,,,
sample,5.859,0.00000,-0.00000,,,,,,,
sample,5.892,0.00000,-0.00000,,,,,,,
sample,5.926,0.00000,-0.00000,,,,,,,
sample,5.958,0.00000,-0.00000,,,,,,,
sample,5.992,0.00000,-0.00000,,,,,,,
sample,6.025,0.00000,-0.00000,,,,,,,
sample,6.059,0.00000,-0.00000,,,,,,,
sample,6.092,0.00000,-0.00000,,,,,,,
sample,6.126,0.00000,-0.00000,,,,,,,
sample,6.159,0.00000,-0.00000,,,,,,,
sample,6.192,0.00000,-0.00000,,,,,,,
sample,6.226,0.00000,-0.00000,,,,,,,
sample,6.260,0.00000,-0.00000,,,,,,,
sample,6.293,0.00000,-0.00000,,,,,,,
sample,6.326,0.00000,-0.00000,,,,,,,
sample,6.359,0.00000,-0.00000,,,,,,,
sample,6.393,0.00000,-0.00000,,,,,,,
sample,6.426,0.00000,-0.00000,,,,,,,
sample,6.460,0.00000,-0.00000,,,,,,,
sample,6.493,0.00000,-0.00000,,,,,,,
sample,6.526,0.00000,-0.00000,,,,,,,
sample,6.560,0.00000,-0.00000,,,,,,,
sample,6.594,0.00000,-0.00000,,,,,,,
sample,6.627,0.00000,-0.00000,,,,,,,
sample,6.660,0.00000,-0.00000,,,,,,,
sample,6.693,0.00000,-0.00000,,,,,,,
sample,6.727,0.00000,-0.00000,,,,,,,
sample,6.761,0.00000,-0.00000,,,,,,,
sample,6.795,0.00000,-0.00000,,,,,,,
sample,6.828,0.00000,-0.00000,,,,,,,
sample,6.862,0.00000,-0.00000,,,,,,,
sample,6.895,0.00000,-0.00000,,,,,,,
sample,6.929,0.00000,-0.00000,,,,,,,
sample,6.962,0.00000,-0.00000,,,,,,,
sample,6.995,0.00000,-0.00000,,,,,,,
sample,7.029,0.00000,-0.00000,,,,,,,
sample,7.062,0.00000,-0.00000,,,,,,,
sample,7.095,0.00000,-0.00000,,,,,,,
sample,7.128,0.00000,-0.00000,,,,,,,
sample,7.162,0.00000,-0.00000,,,,,,,
sample,7.195,0.00000,-0.00000,,,,,,,
sample,7.229,0.00000,-0.00000,,,,,,,
sample,7.262,0.00000,-0.00000,,,,,,,
sample,7.296,0.00000,-0.00000,,,,,,,
sample,7.329,0.00000,-0.00000,,,,,,,
sample,7.362,0.00000,-0.00000,,,,,,,
sample,7.396,0.00000,-0.00000,,,,,,,
sample,7.429,0.00000,-0.00000,,,,,,,
sample,7.462,0.00000,-0.00000,,,,,,,
sample,7.496,0.00000,-0.00000,,,,,,,
sample,7.529,0.00000,-0.00000,,,,,,,
sample,7.562,0.00000,-0.00000,,,,,,,
sample,7.596,0.00000,-0.00000,,,,,,,
sample,7.629,0.00000,-0.00000,,,,,,,
sample,7.663,0.00000,-0.00000,,,,,,,
sample,7.696,0.00000,-0.00000,,,,,,,
sample,7.730,0.00000,-0.00000,,,,,,,
sample,7.763,0.00000,-0.00000,,,,,,,
sample,7.796,0.00000,-0.00000,,,,,,,
sample,7.830,0.00000,-0.00000,,,,,,,
sample,7.863,0.00000,-0.00000,,,,,,,
sample,7.897,0.00000,-0.00000,,,,,,,
sample,7.930,0.00000,-0.00000,,,,,,,
sample,7.964,0.00000,-0.00000,,,,,,,
sample,7.997,0.00000,-0.00000,,,,,,,
sample,8.031,0.00000,-0.00000,,,,,,,
sample,8.064,0.00000,-0.00000,,,,,,,
sample,8.107,0.00000,-0.00000,,,,,,,
sample,8.148,0.00000,-0.00000,,,,,,,
sample,8.182,0.00000,-0.00000,,,,,,,
sample,8.232,0.00000,-0.00000,,,,,,,
sample,8.265,0.00000,-0.00000,,,,,,,
sample,8.299,0.00000,-0.00000,,,,,,,
sample,8.332,0.00000,-0.00000,,,,,,,
sample,8.366,0.00000,-0.00000,,,,,,,
sample,8.398,0.00000,-0.00000,,,,,,,
sample,8.431,0.00000,-0.00000,,,,,,,
sample,8.465,0.00000,-0.00000,,,,,,,
sample,8.498,0.00000,-0.00000,,,,,,,
sample,8.531,0.00000,-0.00000,,,,,,,
sample,8.565,0.00000,-0.00000,,,,,,,
sample,8.603,0.00000,-0.00000,,,,,,,
sample,8.649,0.00000,-0.00000,,,,,,,
sample,8.682,0.00000,-0.00000,,,,,,,
sample,8.715,0.00000,-0.00000,,,,,,,
sample,8.749,0.00000,-0.00000,,,,,,,
sample,8.782,0.00000,-0.00000,,,,,,,
sample,8.816,0.00000,-0.00000,,,,,,,
sample,8.853,0.00000,-0.00000,,,,,,,
sample,8.899,0.00000,-0.00000,,,,,,,
sample,8.942,0.00000,-0.00000,,,,,,,
sample,8.990,0.00000,-0.00000,,,,,,,
sample,9.023,0.00000,-0.00000,,,,,,,
sample,9.057,0.00000,-0.00000,,,,,,,
sample,9.090,0.00000,-0.00000,,,,,,,
sample,9.123,0.00000,-0.00000,,,,,,,
sample,9.157,0.00000,-0.00000,,,,,,,
sample,9.190,0.00000,-0.00000,,,,,,,
sample,9.223,0.00000,-0.00000,,,,,,,
sample,9.257,0.00000,-0.00000,,,,,,,
sample,9.291,0.00000,-0.00000,,,,,,,
sample,9.324,0.00000,-0.00000,,,,,,,
sample,9.357,0.00000,-0.00000,,,,,,,
sample,9.408,0.00000,-0.00000,,,,,,,
sample,9.441,0.00000,-0.00000,,,,,,,
sample,9.475,0.00000,-0.00000,,,,,,,
sample,9.508,0.00000,-0.00000,,,,,,,
sample,9.542,0.00000,-0.00000,,,,,,,
sample,9.575,0.00000,-0.00000,,,,,,,
sample,9.608,0.00000,-0.00000,,,,,,,
sample,9.641,0.00000,-0.00000,,,,,,,
sample,9.675,0.00000,-0.00000,,,,,,,
sample,9.708,0.00000,-0.00000,,,,,,,
sample,9.742,0.00000,-0.00000,,,,,,,
sample,9.785,0.00000,-0.00000,,,,,,,
sample,9.818,0.00000,-0.00000,,,,,,,
sample,9.852,0.00000,-0.00000,,,,,,,
sample,9.885,0.00000,-0.00000,,,,,,,
sample,9.925,0.00000,-0.00000,,,,,,,
sample,9.959,0.00000,-0.00000,,,,,,,
sample,9.992,0.00000,-0.00000,,,,,,,
sample,10.025,0.00000,-0.00000,,,,,,,
sample,10.059,0.00000,-0.00000,,,,,,,
sample,10.092,0.00000,-0.00000,,,,,,,
sample,10.126,0.00000,-0.00000,,,,,,,
sample,10.159,0.00000,-0.00000,,,,,,,
sample,10.192,0.00000,-0.00000,,,,,,,
sample,10.226,0.00000,-0.00000,,,,,,,
sample,10.259,0.00000,-0.00000,,,,,,,
sample,10.293,0.00000,-0.00000,,,,,,,
sample,10.326,0.00000,-0.00000,,,,,,,
sample,10.360,0.00000,-0.00000,,,,,,,
sample,10.393,0.00000,-0.00000,,,,,,,
sample,10.427,0.00000,-0.00000,,,,,,,
sample,10.460,0.00000,-0.00000,,,,,,,
sample,10.493,0.00000,-0.00000,,,,,,,
sample,10.526,0.00000,-0.00000,,,,,,,
sample,10.560,0.00000,-0.00000,,,,,,,
sample,10.593,0.00000,-0.00000,,,,,,,
sample,10.628,0.00000,-0.00000,,,,,,,
sample,10.660,0.00000,-0.00000,,,,,,,
sample,10.694,0.00000,-0.00000,,,,,,,
sample,10.727,0.00000,-0.00000,,,,,,,
sample,10.761,0.00000,-0.00000,,,,,,,
sample,10.794,0.00000,-0.00000,,,,,,,
sample,10.828,0.00000,-0.00000,,,,,,,
sample,10.861,0.00000,-0.00000,,,,,,,
sample,10.895,0.00000,-0.00000,,,,,,,
sample,10.945,0.00000,-0.00000,,,,,,,
sample,10.978,0.00000,-0.00000,,,,,,,
sample,11.011,0.00000,-0.00000,,,,,,,
sample,11.045,0.00000,-0.00000,,,,,,,
sample,11.078,0.00000,-0.00000,,,,,,,
sample,11.112,0.00000,-0.00000,,,,,,,
sample,11.145,0.00000,-0.00000,,,,,,,
sample,11.179,0.00000,-0.00000,,,,,,,
sample,11.211,0.00000,-0.00000,,,,,,,
sample,11.246,0.00000,-0.00000,,,,,,,
sample,11.278,0.00000,-0.00000,,,,,,,
sample,11.313,0.00000,-0.00000,,,,,,,
sample,11.346,0.00000,-0.00000,,,,,,,
sample,11.380,0.00000,-0.00000,,,,,,,
sample,11.431,0.00000,-0.00000,,,,,,,
sample,11.479,0.00000,-0.00000,,,,,,,
sample,11.512,0.00000,-0.00000,,,,,,,
sample,11.546,0.00000,-0.00000,,,,,,,
sample,11.580,0.00000,-0.00000,,,,,,,
sample,11.613,0.00000,-0.00000,,,,,,,
sample,11.647,0.00000,-0.00000,,,,,,,
sample,11.680,0.00000,-0.00000,,,,,,,
sample,11.714,0.00000,-0.00000,,,,,,,
sample,11.746,0.00000,-0.00000,,,,,,,
sample,11.780,0.00000,-0.00000,,,,,,,
sample,11.813,0.00000,-0.00000,,,,,,,
sample,11.847,0.00000,-0.00000,,,,,,,
sample,11.880,0.01375,0.00976,,,,,,,
sample,11.947,0.06458,0.04842,,,,,,,
sample,11.981,0.06458,0.05856,,,,,,,
sample,12.014,0.08125,0.07256,,,,,,,
sample,12.047,0.08125,0.07563,,,,,,,
sample,12.081,0.00063,0.01843,,,,,,,
sample,12.114,0.00063,0.00241,,,,,,,
sample,12.165,0.00000,-0.00252,,,,,,,
sample,12.197,0.00000,-0.00391,,,,,,,
sample,12.231,0.00000,-0.00429,,,,,,,
sample,12.265,0.00292,-0.00233,,,,,,,
sample,12.298,0.00292,-0.00181,,,,,,,
sample,12.331,0.00000,-0.00377,,,,,,,
sample,12.365,0.00000,-0.00432,,,,,,,
sample,12.415,0.00229,-0.00284,,,,,,,
sample,12.448,0.00229,-0.00245,,,,,,,
sample,12.481,0.00375,-0.00134,,,,,,,
sample,12.515,0.00375,-0.00106,,,,,,,
sample,12.549,0.02208,0.01199,,,,,,,
sample,12.582,0.02208,0.01541,,,,,,,
sample,12.616,0.05187,0.03728,,,,,,,
sample,12.649,0.05187,0.04286,,,,,,,
sample,12.682,0.11229,0.08675,,,,,,,
sample,12.715,0.11229,0.09787,,,,,,,
sample,12.749,0.21396,0.17195,,,,,,,
sample,12.783,0.21396,0.19046,,,,,,,
sample,12.816,0.42312,0.34182,,,,,,,
sample,12.853,0.75667,0.61646,,,,,,,
sample,12.899,0.75667,0.68499,,,,,,,
sample,12.932,0.40792,0.44876,,,,,,,
sample,12.967,0.40792,0.37830,,,,,,,
sample,12.999,0.00542,0.06871,,,,,,,
sample,13.033,0.00542,-0.01803,,,,,,,
sample,13.066,0.00104,-0.04548,,,,,,,
sample,13.104,0.00104,-0.05317,,,,,,,
sample,13.168,0.00187,-0.05536,,,,,,,
sample,13.200,0.00292,-0.05526,,,,,,,
sample,13.233,0.00292,-0.05526,,,,,,,
sample,13.267,0.00000,-0.05736,,,,,,,
sample,13.300,0.00000,-0.05795,,,,,,,
sample,13.334,0.00042,-0.05720,,,,,,,
sample,13.367,0.00042,-0.05700,,,,,,,
sample,13.417,0.00167,-0.05667,,,,,,,
sample,13.450,0.00167,-0.05660,,,,,,,
sample,13.484,0.00958,-0.05098,,,,,,,
sample,13.518,0.00958,-0.04951,,,,,,,
sample,13.551,0.02521,-0.03812,,,,,,,
sample,13.584,0.02521,-0.03521,,,,,,,
sample,13.618,0.05854,-0.01102,,,,,,,
sample,13.668,0.12875,0.04492,,,,,,,
sample,13.701,0.12875,0.05920,,,,,,,
sample,13.735,0.30354,0.18579,,,,,,,
sample,13.768,0.30354,0.21797,,,,,,,
sample,13.802,0.43667,0.31814,,,,,,,
sample,13.835,0.43667,0.34149,,,,,,,
sample,13.868,0.67667,0.51458,,,,,,,
sample,13.902,0.67667,0.55588,,,,,,,
sample,13.935,0.04271,0.11054,,,,,,,
sample,13.969,0.04271,-0.01461,,,,,,,
sample,14.002,0.00646,-0.07582,,,,,,,
sample,14.035,0.00646,-0.09302,,,,,,,
sample,14.069,0.02479,-0.08490,,,,,,,
sample,14.104,0.02479,-0.08289,,,,,,,
sample,14.152,0.07208,-0.05020,,,,,,,
sample,14.186,0.07208,-0.04182,,,,,,,
sample,14.219,0.02896,-0.07084,,,,,,,
sample,14.252,0.02896,-0.07928,,,,,,,
sample,14.286,0.07604,-0.04841,,,,,,,
sample,14.319,0.07604,-0.03938,,,,,,,
sample,14.354,0.15667,0.02022,,,,,,,
sample,14.386,0.15667,0.03594,,,,,,,
sample,14.420,0.30688,0.14610,,,,,,,
sample,14.453,0.30688,0.17456,,,,,,,
sample,14.486,0.68042,0.44428,,,,,,,
sample,14.520,0.68042,0.51260,,,,,,,
sample,14.553,1.01083,0.76056,,,,,,,
sample,14.586,1.01083,0.81944,,,,,,,
sample,14.620,1.58104,1.22997,,,,,,,
sample,14.671,1.87833,1.53709,,,,,,,
sample,14.704,1.87833,1.60323,,,,,,,
sample,14.737,2.07375,1.74049,,,,,,,
sample,14.771,2.07375,1.75696,,,,,,,
sample,14.804,0.69167,0.76250,,,,,,,
sample,14.838,0.69167,0.47685,,,,,,,
sample,14.871,0.11958,-0.01625,,,,,,,
sample,14.905,0.11958,-0.15553,,,,,,,
sample,14.938,0.10292,-0.20756,,,,,,,
sample,14.972,0.10292,-0.22297,,,,,,,
sample,15.004,0.16771,-0.18216,,,,,,,
sample,15.038,0.16771,-0.17194,,,,,,,
sample,15.071,0.23000,-0.12609,,,,,,,
sample,15.106,0.23000,-0.11448,,,,,,,
sample,15.172,0.15313,-0.16834,,,,,,,
sample,15.205,0.31833,-0.06558,,,,,,,
sample,15.239,0.31833,-0.03570,,,,,,,
sample,15.272,0.51271,0.11520,,,,,,,
sample,15.306,0.51271,0.16004,,,,,,,
sample,15.338,0.88750,0.43737,,,,,,,
sample,15.372,0.88750,0.50994,,,,,,,
sample,15.422,1.11312,0.68098,,,,,,,
sample,15.456,1.11312,0.71714,,,,,,,
sample,15.489,1.59750,1.05912,,,,,,,
sample,15.522,1.59750,1.13796,,,,,,,
sample,15.556,1.82604,1.31001,,,,,,,
sample,15.589,1.82604,1.33915,,,,,,,
sample,15.623,2.12833,1.54278,,,,,,,
sample,15.656,2.12833,1.57762,,,,,,,
sample,15.689,2.23583,1.64144,,,,,,,
sample,15.723,2.23583,1.63598,,,,,,,
sample,15.756,0.69292,0.51633,,,,,,,
sample,15.790,0.69292,0.19560,,,,,,,
sample,15.823,0.13354,-0.29833,,,,,,,
sample,15.857,0.13354,-0.43801,,,,,,,
sample,15.890,0.11958,-0.48831,,,,,,,
sample,15.923,0.11958,-0.50355,,,,,,,
sample,15.957,0.20479,-0.44834,,,,,,,
sample,15.990,0.20479,-0.43475,,,,,,,
sample,16.024,0.18333,-0.44770,,,,,,,
sample,16.057,0.18333,-0.44667,,,,,,,
sample,16.090,0.23333,-0.41146,,,,,,,
sample,16.124,0.23333,-0.40267,,,,,,,
sample,16.157,0.41979,-0.26716,,,,,,,
sample,16.191,0.41979,-0.23041,,,,,,,
sample,16.224,0.62292,-0.07579,,,,,,,
sample,16.258,0.62292,-0.03441,,,,,,,
sample,16.291,0.89792,0.17290,,,,,,,
sample,16.324,0.89792,0.22867,,,,,,,
sample,16.358,1.29729,0.51894,,,,,,,
sample,16.392,1.29729,0.58730,,,,,,,
sample,16.425,1.74542,0.91121,,,,,,,
sample,16.459,1.74542,0.98402,,,,,,,
sample,16.491,1.92625,1.11505,,,,,,,
sample,16.525,1.92625,1.13218,,,,,,,
sample,16.558,2.01000,1.17734,,,,,,,
sample,16.591,2.01000,1.17005,,,,,,,
estimate,16.597,,,,63.00000,57.00000,,,,
sample,16.625,2.26083,1.32566,,,,,,,
sample,16.675,2.35917,1.41606,,,,,,,
sample,16.708,2.35917,1.41789,,,,,,,
sample,16.742,0.94500,0.39126,,,,,,,
sample,16.776,0.94500,0.09570,,,,,,,
sample,16.809,0.41125,-0.37398,,,,,,,
sample,16.842,0.41125,-0.50656,,,,,,,
sample,16.876,0.38312,-0.56472,,,,,,,
sample,16.926,0.38312,-0.58093,,,,,,,
sample,16.959,0.52979,-0.47485,,,,,,,
sample,16.993,0.52979,-0.44012,,,,,,,
sample,17.026,0.55583,-0.40095,,,,,,,
sample,17.059,0.55583,-0.38602,,,,,,,
sample,17.093,0.58062,-0.35064,,,,,,,
sample,17.126,0.58062,-0.32739,,,,,,,
sample,17.159,0.87646,-0.09556,,,,,,,
sample,17.193,0.87646,-0.01833,,,,,,,
sample,17.226,1.38208,0.36024,,,,,,,
sample,17.260,1.38208,0.45914,,,,,,,
sample,17.293,2.01708,0.92451,,,,,,,
sample,17.327,2.01708,1.03530,,,,,,,
sample,17.360,2.36542,1.29385,,,,,,,
sample,17.394,2.36542,1.34297,,,,,,,
sample,17.427,2.68438,1.56049,,,,,,,
sample,17.461,2.68438,1.59551,,,,,,,
sample,17.494,2.91625,1.74463,,,,,,,
sample,17.537,2.91625,1.75876,,,,,,,
sample,17.570,2.99021,1.79732,,,,,,,
estimate,17.600,,,,62.00000,71.00000,,,,
sample,17.609,2.77646,1.61840,,,,,,,
sample,17.654,2.77646,1.54301,,,,,,,
sample,17.687,0.69937,0.02449,,,,,,,
sample,17.721,0.69937,-0.40262,,,,,,,
sample,17.754,0.34292,-0.77326,,,,,,,
sample,17.788,0.34292,-0.87144,,,,,,,
sample,17.821,0.35750,-0.87935,,,,,,,
sample,17.854,0.35750,-0.87390,,,,,,,
sample,17.888,0.42438,-0.81724,,,,,,,
sample,17.921,0.42438,-0.78948,,,,,,,
sample,17.954,0.43271,-0.76390,,,,,,,
sample,17.988,0.43271,-0.74260,,,,,,,
sample,18.022,0.54292,-0.64428,,,,,,,
sample,18.055,0.54292,-0.60067,,,,,,,
sample,18.088,0.94792,-0.28489,,,,,,,
sample,18.122,0.94792,-0.18341,,,,,,,
sample,18.155,1.24875,0.07161,,,,,,,
sample,18.188,1.24875,0.13738,,,,,,,
sample,18.222,1.53083,0.35040,,,,,,,
sample,18.255,1.53083,0.39588,,,,,,,
sample,18.289,2.03729,0.75395,,,,,,,
sample,18.322,2.03729,0.83477,,,,,,,
sample,18.355,2.23854,0.98081,,,,,,,
sample,18.389,2.23854,1.00108,,,,,,,
sample,18.422,2.46563,1.14732,,,,,,,
sample,18.455,2.46563,1.16513,,,,,,,
sample,18.489,2.89625,1.45265,,,,,,,
sample,18.522,2.89625,1.50616,,,,,,,
sample,18.556,3.02458,1.58523,,,,,,,
sample,18.590,3.02458,1.58096,,,,,,,
sample,18.622,1.11688,0.19914,,,,,,,
sample,18.656,1.11688,-0.19278,,,,,,,
sample,18.689,0.24479,-0.92658,,,,,,,
sample,18.723,0.24479,-1.12542,,,,,,,
sample,18.756,0.17104,-1.22682,,,,,,,
sample,18.790,0.17104,-1.24380,,,,,,,
sample,18.823,0.21125,-1.20858,,,,,,,
estimate,18.847,,,,62.00000,58.00000,,,,
sample,18.856,0.21125,-1.18317,,,,,,,
sample,18.889,0.28271,-1.10977,,,,,,,
sample,18.923,0.28271,-1.07255,,,,,,,
sample,18.956,0.21313,-1.09486,,,,,,,
sample,18.990,0.21313,-1.08288,,,,,,,
sample,19.023,0.31021,-0.99239,,,,,,,
sample,19.057,0.31021,-0.94727,,,,,,,
sample,19.090,0.55646,-0.73906,,,,,,,
sample,19.124,0.55646,-0.66248,,,,,,,
sample,19.157,0.93917,-0.36542,,,,,,,
sample,19.191,0.93917,-0.28219,,,,,,,
sample,19.224,1.21979,-0.06503,,,,,,,
sample,19.257,1.21979,-0.01243,,,,,,,
sample,19.291,1.89854,0.47563,,,,,,,
sample,19.324,1.89854,0.60564,,,,,,,
sample,19.357,2.16083,0.81311,,,,,,,
sample,19.391,2.16083,0.85489,,,,,,,
sample,19.424,2.51000,1.09819,,,,,,,
sample,19.458,2.51000,1.14677,,,,,,,
sample,19.491,2.37562,1.04542,,,,,,,
sample,19.526,2.37562,0.99910,,,,,,,
sample,19.575,0.47417,-0.38710,,,,,,,
sample,19.608,0.47417,-0.77115,,,,,,,
sample,19.642,0.18417,-1.07534,,,,,,,
sample,19.675,0.18417,-1.14837,,,,,,,
sample,19.708,0.18167,-1.15200,,,,,,,
sample,19.742,0.18167,-1.13440,,,,,,,
sample,19.775,0.27271,-1.04271,,,,,,,
sample,19.808,0.27271,-0.99581,,,,,,,
sample,19.842,0.22625,-0.99120,,,,,,,
estimate,19.857,,,,63.00000,43.00000,,,,
sample,19.875,0.22625,-0.96498,,,,,,,
sample,19.909,0.27104,-0.89857,,,,,,,
sample,19.942,0.27104,-0.85314,,,,,,,
sample,19.976,0.42688,-0.70223,,,,,,,
sample,20.009,0.42688,-0.63615,,,,,,,
sample,20.043,0.80729,-0.34145,,,,,,,
sample,20.076,0.80729,-0.23924,,,,,,,
sample,20.109,1.39708,0.20705,,,,,,,
sample,20.143,1.39708,0.32504,,,,,,,
sample,20.176,1.63771,0.51838,,,,,,,
sample,20.209,1.63771,0.55956,,,,,,,
sample,20.243,1.98562,0.80531,,,,,,,
sample,20.276,1.98562,0.85784,,,,,,,
sample,20.310,2.32479,1.09775,,,,,,,
sample,20.343,2.32479,1.14591,,,,,,,
sample,20.377,1.03937,0.22784,,,,,,,
sample,20.410,1.03937,-0.03529,,,,,,,
sample,20.443,0.19604,-0.71270,,,,,,,
sample,20.477,0.19604,-0.89891,,,,,,,
sample,20.511,0.13937,-0.98376,,,,,,,
sample,20.544,0.13937,-0.99943,,,,,,,
sample,20.577,0.14771,-0.98681,,,,,,,
sample,20.610,0.14771,-0.97227,,,,,,,
sample,20.644,0.28125,-0.85955,,,,,,,
sample,20.677,0.28125,-0.81549,,,,,,,
sample,20.711,0.17750,-0.85926,,,,,,,
sample,20.744,0.17750,-0.85291,,,,,,,
sample,20.777,0.27479,-0.76145,,,,,,,
sample,20.811,0.27479,-0.71620,,,,,,,
sample,20.844,0.49458,-0.52557,,,,,,,
estimate,20.858,,,,66.00000,45.00000,,,,
sample,20.878,0.49458,-0.45249,,,,,,,
sample,20.911,0.98417,-0.06040,,,,,,,
sample,20.945,0.98417,0.06850,,,,,,,
sample,20.978,1.59521,0.55884,,,,,,,
sample,21.011,1.59521,0.71043,,,,,,,
sample,21.045,2.02750,1.05502,,,,,,,
sample,21.078,2.02750,1.14240,,,,,,,
sample,21.112,2.30500,1.34606,,,,,,,
sample,21.145,2.30500,1.38248,,,,,,,
sample,21.178,1.95646,1.12388,,,,,,,
sample,21.212,1.95646,1.03362,,,,,,,
sample,21.245,0.26625,-0.20916,,,,,,,
sample,21.279,0.26625,-0.55769,,,,,,,
sample,21.312,0.09021,-0.78010,,,,,,,
sample,21.346,0.09021,-0.84045,,,,,,,
sample,21.379,0.09917,-0.84976,,,,,,,
sample,21.412,0.09917,-0.85122,,,,,,,
sample,21.446,0.16562,-0.80234,,,,,,,
sample,21.480,0.16562,-0.78720,,,,,,,
sample,21.513,0.12812,-0.80568,,,,,,,
sample,21.546,0.12812,-0.80657,,,,,,,
sample,21.579,0.22062,-0.73304,,,,,,,
sample,21.613,0.22062,-0.70526,,,,,,,
sample,21.646,0.35000,-0.59564,,,,,,,
sample,21.680,0.35000,-0.55625,,,,,,,
sample,21.713,0.44333,-0.46346,,,,,,,
sample,21.747,0.44333,-0.42293,,,,,,,
sample,21.780,0.79333,-0.14591,,,,,,,
sample,21.814,0.79333,-0.05467,,,,,,,
sample,21.847,1.06479,0.18078,,,,,,,
estimate,21.862,,,,68.00000,36.00000,,,,
sample,21.881,1.06479,0.26116,,,,,,,
sample,21.914,1.63333,0.70044,,,,,,,
sample,21.947,1.63333,0.83086,,,,,,,
sample,21.980,1.85000,1.00962,,,,,,,
sample,22.014,1.85000,1.04591,,,,,,,
sample,22.047,2.18812,1.27949,,,,,,,
sample,22.081,2.18812,1.32485,,,,,,,
sample,22.114,2.50188,1.54025,,,,,,,
sample,22.148,2.50188,1.57736,,,,,,,
sample,22.181,1.48812,0.84569,,,,,,,
sample,22.215,1.48812,0.62867,,,,,,,
sample,22.247,0.35833,-0.24686,,,,,,,
sample,22.282,0.35833,-0.49333,,,,,,,
sample,22.315,0.29104,-0.61100,,,,,,,
sample,22.357,0.29104,-0.64414,,,,,,,
sample,22.398,0.37062,-0.59556,,,,,,,
sample,22.431,0.37062,-0.58139,,,,,,,
sample,22.465,0.50000,-0.48120,,,,,,,
sample,22.499,0.50000,-0.45008,,,,,,,
sample,22.532,0.50604,-0.42810,,,,,,,
sample,22.565,0.50604,-0.41304,,,,,,,
sample,22.605,0.80542,-0.18495,,,,,,,
sample,22.649,1.37396,0.30193,,,,,,,
sample,22.682,1.37396,0.44446,,,,,,,
sample,22.715,1.89854,0.86639,,,,,,,
sample,22.749,1.89854,0.98886,,,,,,,
sample,22.782,2.27562,1.28211,,,,,,,
sample,22.816,2.27562,1.35168,,,,,,,
sample,22.854,2.57833,1.56496,,,,,,,
sample,22.899,2.57833,1.60051,,,,,,,
sample,22.933,2.67854,1.65687,,,,,,,
sample,22.966,2.67854,1.64690,,,,,,,
sample,23.000,2.11813,1.22063,,,,,,,
sample,23.033,2.11813,1.08129,,,,,,,
sample,23.066,0.40500,-0.19243,,,,,,,
estimate,23.097,,,,68.00000,31.00000,,,,
sample,23.105,0.40500,-0.55033,,,,,,,
sample,23.150,0.24333,-0.77705,,,,,,,
sample,23.183,0.34396,-0.76879,,,,,,,
sample,23.217,0.34396,-0.76719,,,,,,,
sample,23.250,0.43792,-0.69851,,,,,,,
sample,23.284,0.43792,-0.67869,,,,,,,
sample,23.317,0.41833,-0.68143,,,,,,,
sample,23.355,0.41833,-0.67637,,,,,,,
sample,23.401,0.54375,-0.57384,,,,,,,
sample,23.436,0.54375,-0.53432,,,,,,,
sample,23.484,0.76771,-0.33879,,,,,,,
sample,23.517,1.19979,0.03859,,,,,,,
sample,23.551,1.19979,0.15579,,,,,,,
sample,23.585,1.52917,0.43022,,,,,,,
sample,23.618,1.52917,0.51152,,,,,,,
sample,23.651,1.77542,0.69583,,,,,,,
sample,23.685,1.77542,0.73169,,,,,,,
sample,23.718,2.09375,0.95003,,,,,,,
sample,23.751,2.09375,0.99025,,,,,,,
sample,23.785,2.54125,1.29823,,,,,,,
sample,23.818,2.54125,1.35899,,,,,,,
sample,23.854,2.06021,1.00988,,,,,,,
sample,23.901,2.06021,0.89236,,,,,,,
sample,23.935,0.41729,-0.32647,,,,,,,
sample,23.969,0.41729,-0.67075,,,,,,,
sample,24.002,0.30167,-0.85125,,,,,,,
sample,24.035,0.30167,-0.90263,,,,,,,
sample,24.069,0.35187,-0.88089,,,,,,,
sample,24.104,0.35187,-0.87482,,,,,,,
sample,24.152,0.51458,-0.76500,,,,,,,
sample,24.186,0.51521,-0.73085,,,,,,,
sample,24.219,0.51521,-0.71835,,,,,,,
sample,24.252,0.58583,-0.65892,,,,,,,
sample,24.286,0.58583,-0.63721,,,,,,,
sample,24.319,0.94354,-0.36628,,,,,,,
sample,24.355,0.94354,-0.28312,,,,,,,
sample,24.403,1.42896,0.09413,,,,,,,
sample,24.436,1.42896,0.20421,,,,,,,
sample,24.470,1.78438,0.49521,,,,,,,
sample,24.503,1.78438,0.58097,,,,,,,
sample,24.537,2.10854,0.84254,,,,,,,
sample,24.570,2.10854,0.91995,,,,,,,
sample,24.604,2.39083,1.13532,,,,,,,
sample,24.637,2.39083,1.18606,,,,,,,
sample,24.670,2.66729,1.37487,,,,,,,
sample,24.706,2.66729,1.40329,,,,,,,
sample,24.739,2.83688,1.50639,,,,,,,
sample,24.771,2.83688,1.50830,,,,,,,
sample,24.805,0.94792,0.14268,,,,,,,
sample,24.855,0.19417,-0.78053,,,,,,,
sample,24.889,0.19417,-1.03579,,,,,,,
sample,24.922,0.11958,-1.15694,,,,,,,
sample,24.955,0.11958,-1.18676,,,,,,,
sample,24.988,0.14563,-1.17255,,,,,,,
sample,25.022,0.14563,-1.16158,,,,,,,
sample,25.055,0.14250,-1.14772,,,,,,,
sample,25.090,0.14250,-1.13080,,,,,,,
sample,25.122,0.20229,-1.06506,,,,,,,
sample,25.155,0.20229,-1.02869,,,,,,,
sample,25.188,0.29396,-0.93152,,,,,,,
sample,25.224,0.29396,-0.88333,,,,,,,
sample,25.272,0.49833,-0.70067,,,,,,,
sample,25.305,0.49833,-0.62750,,,,,,,
sample,25.338,0.85958,-0.32765,,,,,,,
sample,25.372,0.85958,-0.22443,,,,,,,
sample,25.406,1.13542,0.01347,,,,,,,
sample,25.439,1.13542,0.09049,,,,,,,
sample,25.472,1.75146,0.54135,,,,,,,
sample,25.505,1.75146,0.65333,,,,,,,
sample,25.539,2.07500,0.90699,,,,,,,
sample,25.572,2.07500,0.95890,,,,,,,
sample,25.606,2.41292,1.19515,,,,,,,
sample,25.639,2.41292,1.23971,,,,,,,
sample,25.693,2.23458,1.09716,,,,,,,
sample,25.741,0.49583,-0.19547,,,,,,,
sample,25.774,0.49583,-0.55823,,,,,,,
sample,25.808,0.24917,-0.83429,,,,,,,
sample,25.842,0.24917,-0.90846,,,,,,,
sample,25.875,0.25917,-0.91235,,,,,,,
sample,25.908,0.25917,-0.90814,,,,,,,
sample,25.942,0.40063,-0.79677,,,,,,,
sample,25.975,0.40063,-0.75724,,,,,,,
sample,26.009,0.47437,-0.68207,,,,,,,
sample,26.042,0.47437,-0.65002,,,,,,,
sample,26.076,0.51167,-0.60100,,,,,,,
sample,26.109,0.51167,-0.57409,,,,,,,
sample,26.142,0.94312,-0.24390,,,,,,,
sample,26.175,0.94312,-0.13944,,,,,,,
sample,26.209,1.56167,0.34538,,,,,,,
sample,26.242,1.56167,0.49135,,,,,,,
sample,26.276,1.97542,0.83101,,,,,,,
sample,26.309,1.97542,0.92699,,,,,,,
sample,26.343,2.30292,1.17000,,,,,,,
sample,26.376,2.30292,1.21836,,,,,,,
sample,26.411,2.72063,1.50741,,,,,,,
sample,26.443,2.72063,1.56310,,,,,,,
sample,26.477,2.93104,1.70328,,,,,,,
sample,26.510,2.93104,1.71562,,,,,,,
sample,26.543,1.51375,0.69551,,,,,,,
sample,26.577,1.51375,0.39960,,,,,,,
sample,26.610,0.38667,-0.49343,,,,,,,
sample,26.643,0.38667,-0.74216,,,,,,,
sample,26.677,0.30125,-0.87038,,,,,,,
sample,26.710,0.30125,-0.90335,,,,,,,
sample,26.745,0.30062,-0.90642,,,,,,,
sample,26.779,0.30062,-0.90067,,,,,,,
sample,26.812,0.46750,-0.76902,,,,,,,
sample,26.846,0.46750,-0.72226,,,,,,,
sample,26.879,0.50062,-0.67212,,,,,,,
sample,26.925,0.79167,-0.43832,,,,,,,
sample,26.963,0.79167,-0.35931,,,,,,,
sample,26.996,1.15896,-0.06297,,,,,,,
sample,27.030,1.15896,0.03268,,,,,,,
sample,27.079,1.81792,0.55635,,,,,,,
sample,27.112,1.81792,0.71185,,,,,,,
sample,27.146,2.25333,1.07497,,,,,,,
sample,27.180,2.25333,1.18274,,,,,,,
sample,27.213,2.70521,1.51993,,,,,,,
sample,27.246,2.70521,1.59736,,,,,,,
sample,27.280,3.06688,1.84989,,,,,,,
sample,27.313,3.06688,1.89105,,,,,,,
sample,27.347,1.78500,0.96249,,,,,,,
estimate,27.363,,,,69.00000,30.00000,,,,
sample,27.380,1.78500,0.68537,,,,,,,
sample,27.413,0.44688,-0.35877,,,,,,,
sample,27.460,0.28604,-0.77956,,,,,,,
sample,27.494,0.28604,-0.89887,,,,,,,
sample,27.527,0.38708,-0.86146,,,,,,,
sample,27.561,0.38708,-0.85291,,,,,,,
sample,27.594,0.55437,-0.73279,,,,,,,
sample,27.627,0.55437,-0.70187,,,,,,,
sample,27.660,0.55458,-0.68597,,,,,,,
sample,27.695,0.55458,-0.68210,,,,,,,
sample,27.727,0.62208,-0.63368,,,,,,,
sample,27.761,0.62208,-0.61769,,,,,,,
sample,27.794,1.11208,-0.26300,,,,,,,
sample,27.828,1.11208,-0.16345,,,,,,,
sample,27.861,1.75917,0.32391,,,,,,,
sample,27.895,1.75917,0.46029,,,,,,,
sample,27.928,2.15458,0.77903,,,,,,,
sample,27.962,2.15458,0.86746,,,,,,,
sample,27.995,2.47562,1.11925,,,,,,,
sample,28.028,2.47562,1.18910,,,,,,,
sample,28.061,2.91812,1.52206,,,,,,,
sample,28.096,2.91812,1.60826,,,,,,,
sample,28.129,3.19896,1.81510,,,,,,,
sample,28.162,3.19896,1.84561,,,,,,,
sample,28.195,3.28104,1.88500,,,,,,,
sample,28.229,3.28104,1.86529,,,,,,,
sample,28.262,0.86333,0.11279,,,,,,,
sample,28.296,0.86333,-0.38404,,,,,,,
sample,28.330,0.28646,-0.93878,,,,,,,
sample,28.380,0.28646,-1.10363,,,,,,,
sample,28.413,0.21771,-1.19665,,,,,,,
sample,28.446,0.21771,-1.22005,,,,,,,
sample,28.480,0.27458,-1.18322,,,,,,,
sample,28.513,0.27458,-1.17047,,,,,,,
sample,28.546,0.23312,-1.18944,,,,,,,
sample,28.580,0.23312,-1.18745,,,,,,,
estimate,28.598,,,,69.00000,33.00000,,,,
sample,28.613,0.25688,-1.15637,,,,,,,
sample,28.647,0.25688,-1.13425,,,,,,,
sample,28.680,0.39937,-1.00925,,,,,,,
sample,28.714,0.39937,-0.95803,,,,,,,
sample,28.747,0.59292,-0.78676,,,,,,,
sample,28.780,0.59292,-0.72121,,,,,,,
sample,28.814,0.99687,-0.39428,,,,,,,
sample,28.848,0.99687,-0.28501,,,,,,,
sample,28.880,1.25417,-0.05191,,,,,,,
sample,28.914,1.25417,0.03060,,,,,,,
sample,28.947,1.74271,0.40310,,,,,,,
sample,28.981,1.74271,0.50505,,,,,,,
sample,29.014,1.92333,0.64783,,,,,,,
sample,29.047,1.92333,0.67201,,,,,,,
sample,29.081,2.20250,0.86022,,,,,,,
sample,29.114,2.20250,0.89337,,,,,,,
sample,29.147,2.25333,0.91916,,,,,,,
sample,29.181,2.25333,0.90630,,,,,,,
sample,29.214,0.55021,-0.32440,,,,,,,
sample,29.248,0.55021,-0.66985,,,,,,,
sample,29.281,0.22292,-0.99937,,,,,,,
sample,29.315,0.22292,-1.08020,,,,,,,
sample,29.354,0.21000,-1.10623,,,,,,,
sample,29.398,0.21000,-1.10926,,,,,,,
sample,29.432,0.27063,-1.05732,,,,,,,
sample,29.465,0.27063,-1.03226,,,,,,,
sample,29.498,0.25958,-1.01739,,,,,,,
sample,29.532,0.25958,-0.99743,,,,,,,
sample,29.565,0.29250,-0.94825,,,,,,,
sample,29.606,0.43917,-0.81049,,,,,,,
sample,29.649,0.43917,-0.73308,,,,,,,
sample,29.682,0.78000,-0.44249,,,,,,,
sample,29.715,0.78000,-0.33760,,,,,,,
sample,29.749,1.05771,-0.10080,,,,,,,
sample,29.782,1.05771,-0.02701,,,,,,,
sample,29.816,1.71500,0.45385,,,,,,,
estimate,29.847,,,,69.00000,32.00000,,,,
sample,29.856,1.71500,0.58200,,,,,,,
sample,29.899,2.12062,0.88286,,,,,,,
sample,29.933,2.12062,0.94927,,,,,,,
sample,29.966,2.49667,1.21692,,,,,,,
sample,30.000,2.49667,1.27188,,,,,,,
sample,30.033,2.79271,1.47740,,,,,,,
sample,30.066,2.79271,1.51192,,,,,,,
sample,30.105,1.23750,0.39481,,,,,,,
sample,30.150,0.48750,-0.45659,,,,,,,
sample,30.183,0.48750,-0.69360,,,,,,,
sample,30.217,0.50438,-0.74157,,,,,,,
sample,30.250,0.50438,-0.74874,,,,,,,
sample,30.284,0.64375,-0.63893,,,,,,,
sample,30.319,0.64375,-0.59671,,,,,,,
sample,30.356,0.85896,-0.41661,,,,,,,
sample,30.401,0.85896,-0.33941,,,,,,,
sample,30.434,0.82604,-0.32428,,,,,,,
sample,30.467,0.82604,-0.29822,,,,,,,
sample,30.501,1.00917,-0.13915,,,,,,,
sample,30.534,1.00917,-0.07176,,,,,,,
sample,30.568,1.47167,0.29813,,,,,,,
sample,30.604,1.47167,0.42058,,,,,,,
sample,30.651,1.89792,0.77620,,,,,,,
sample,30.685,2.24417,1.11067,,,,,,,
sample,30.718,2.24417,1.18991,,,,,,,
sample,30.751,2.65187,1.48096,,,,,,,
sample,30.785,2.65187,1.53778,,,,,,,
sample,30.818,2.93625,1.73007,,,,,,,
estimate,30.847,,,,69.00000,32.00000,,,,
sample,30.852,2.93625,1.75554,,,,,,,
sample,30.885,3.29542,1.98975,,,,,,,
sample,30.918,3.29542,2.02381,,,,,,,
sample,30.952,3.01521,1.80256,,,,,,,
sample,30.985,3.01521,1.71159,,,,,,,
sample,31.019,0.74146,0.04395,,,,,,,
sample,31.052,0.74146,-0.42804,,,,,,,
sample,31.085,0.48208,-0.74781,,,,,,,
sample,31.119,0.48208,-0.83821,,,,,,,
sample,31.152,0.41042,-0.91322,,,,,,,
sample,31.186,0.41042,-0.93231,,,,,,,
sample,31.219,0.49500,-0.87152,,,,,,,
sample,31.253,0.49500,-0.84927,,,,,,,
sample,31.286,0.54937,-0.79653,,,,,,,
sample,31.319,0.54937,-0.77441,,,,,,,
sample,31.354,0.71396,-0.63898,,,,,,,
sample,31.386,0.71396,-0.59033,,,,,,,
sample,31.419,0.89500,-0.43562,,,,,,,
sample,31.453,0.89500,-0.38157,,,,,,,
sample,31.486,1.24396,-0.10519,,,,,,,
sample,31.520,1.24396,-0.01780,,,,,,,
sample,31.554,1.87208,0.46290,,,,,,,
sample,31.587,1.87208,0.60147,,,,,,,
sample,31.620,2.17313,0.84009,,,,,,,
sample,31.654,2.17313,0.88997,,,,,,,
sample,31.687,2.51563,1.12661,,,,,,,
sample,31.720,2.51563,1.16894,,,,,,,
sample,31.754,2.88604,1.43149,,,,,,,
sample,31.787,2.88604,1.47748,,,,,,,
sample,31.820,2.50917,1.19536,,,,,,,
estimate,31.847,,,,69.00000,33.00000,,,,
sample,31.854,2.50917,1.09334,,,,,,,
sample,31.887,0.59917,-0.31380,,,,,,,
sample,31.921,0.59917,-0.71129,,,,,,,
sample,31.954,0.39083,-0.97394,,,,,,,
sample,31.988,0.39083,-1.04850,,,,,,,
sample,32.021,0.45625,-1.02245,,,,,,,
sample,32.055,0.45625,-1.01533,,,,,,,
sample,32.088,0.63917,-0.88019,,,,,,,
sample,32.121,0.63917,-0.84090,,,,,,,
sample,32.154,0.64729,-0.81983,,,,,,,
sample,32.188,0.64729,-0.80970,,,,,,,
sample,32.221,0.97396,-0.56405,,,,,,,
sample,32.255,0.97396,-0.49051,,,,,,,
sample,32.288,1.28458,-0.24191,,,,,,,
sample,32.322,1.28458,-0.16382,,,,,,,
sample,32.356,1.89167,0.29747,,,,,,,
sample,32.389,1.89167,0.43276,,,,,,,
sample,32.422,2.20479,0.69905,,,,,,,
sample,32.457,2.20479,0.77958,,,,,,,
sample,32.505,2.57271,1.06768,,,,,,,
sample,32.539,2.57271,1.13638,,,,,,,
sample,32.573,2.89771,1.36518,,,,,,,
sample,32.606,2.89771,1.40480,,,,,,,
sample,32.639,3.10938,1.54188,,,,,,,
sample,32.673,3.10938,1.55384,,,,,,,
sample,32.706,1.04000,0.06322,,,,,,,
sample,32.739,1.04000,-0.35817,,,,,,,
sample,32.773,0.29646,-1.00580,,,,,,,
sample,32.806,0.29646,-1.18144,,,,,,,
sample,32.840,0.23042,-1.27212,,,,,,,
estimate,32.858,,,,69.00000,34.00000,,,,
sample,32.873,0.23042,-1.29148,,,,,,,
sample,32.907,0.28125,-1.25291,,,,,,,
sample,32.940,0.28125,-1.23473,,,,,,,
sample,32.973,0.36500,-1.15812,,,,,,,
sample,33.007,0.36500,-1.12545,,,,,,,
sample,33.040,0.22458,-1.20487,,,,,,,
sample,33.074,0.22458,-1.21037,,,,,,,
sample,33.107,0.36021,-1.09542,,,,,,,
sample,33.140,0.36021,-1.04440,,,,,,,
sample,33.174,0.79333,-0.69968,,,,,,,
sample,33.211,0.79333,-0.58457,,,,,,,
sample,33.244,1.08271,-0.32545,,,,,,,
sample,33.278,1.08271,-0.23436,,,,,,,
sample,33.311,1.63396,0.20466,,,,,,,
sample,33.344,1.63396,0.34420,,,,,,,
sample,33.378,1.97729,0.64085,,,,,,,
sample,33.411,1.97729,0.73429,,,,,,,
sample,33.445,2.38083,1.03461,,,,,,,
sample,33.478,2.38083,1.10230,,,,,,,
sample,33.511,2.71917,1.34249,,,,,,,
sample,33.545,2.71917,1.38737,,,,,,,
sample,33.578,2.18271,0.99596,,,,,,,
sample,33.611,2.18271,0.86864,,,,,,,
sample,33.645,0.34479,-0.48880,,,,,,,
sample,33.679,0.34479,-0.86739,,,,,,,
sample,33.712,0.15646,-1.10506,,,,,,,
sample,33.745,0.15646,-1.16768,,,,,,,
sample,33.779,0.12812,-1.19975,,,,,,,
sample,33.812,0.12812,-1.20288,,,,,,,
sample,33.845,0.21854,-1.13189,,,,,,,
estimate,33.862,,,,69.00000,38.00000,,,,
sample,33.878,0.21854,-1.10524,,,,,,,
sample,33.913,0.17729,-1.11682,,,,,,,
sample,33.946,0.17729,-1.10939,,,,,,,
sample,33.979,0.16792,-1.09702,,,,,,,
sample,34.012,0.16792,-1.07652,,,,,,,
sample,34.046,0.40375,-0.88328,,,,,,,
sample,34.080,0.40375,-0.81148,,,,,,,
sample,34.113,0.65479,-0.59202,,,,,,,
sample,34.146,0.65479,-0.51196,,,,,,,
sample,34.180,0.94750,-0.25941,,,,,,,
sample,34.213,0.94750,-0.16931,,,,,,,
sample,34.246,1.28396,0.11042,,,,,,,
sample,34.280,1.28396,0.20100,,,,,,,
sample,34.313,1.88021,0.64285,,,,,,,
sample,34.347,1.88021,0.75376,,,,,,,
sample,34.380,2.31479,1.07847,,,,,,,
sample,34.413,2.31479,1.15015,,,,,,,
sample,34.447,2.44979,1.24749,,,,,,,
sample,34.481,2.44979,1.25480,,,,,,,
sample,34.513,0.53021,-0.12416,,,,,,,
sample,34.547,0.53021,-0.50918,,,,,,,
sample,34.581,0.17333,-0.86919,,,,,,,
sample,34.614,0.17333,-0.96526,,,,,,,
sample,34.648,0.12396,-1.01921,,,,,,,
sample,34.681,0.12396,-1.02581,,,,,,,
sample,34.714,0.19729,-0.96399,,,,,,,
sample,34.748,0.19729,-0.93580,,,,,,,
sample,34.781,0.16729,-0.93227,,,,,,,
sample,34.814,0.16729,-0.91404,,,,,,,
sample,34.854,0.19083,-0.87184,,,,,,,
sample,34.898,0.34292,-0.73191,,,,,,,
sample,34.932,0.34292,-0.67043,,,,,,,
sample,34.965,0.69833,-0.37857,,,,,,,
sample,34.998,0.69833,-0.27486,,,,,,,
sample,35.032,1.00167,-0.00846,,,,,,,
sample,35.065,1.00167,0.08721,,,,,,,
estimate,35.097,,,,69.00000,38.00000,,,,
sample,35.104,1.24104,0.30503,,,,,,,
sample,35.150,1.24104,0.36590,,,,,,,
sample,35.183,1.84500,0.80209,,,,,,,
sample,35.216,1.84500,0.90852,,,,,,,
sample,35.249,2.18500,1.16330,,,,,,,
sample,35.284,2.18500,1.21481,,,,,,,
sample,35.332,1.39688,0.65047,,,,,,,
sample,35.366,0.20208,-0.36699,,,,,,,
sample,35.400,0.20208,-0.65022,,,,,,,
sample,35.433,0.10021,-0.80020,,,,,,,
sample,35.466,0.10021,-0.84093,,,,,,,
sample,35.500,0.13375,-0.82726,,,,,,,
sample,35.532,0.13375,-0.82114,,,,,,,
sample,35.567,0.21146,-0.76196,,,,,,,
sample,35.604,0.21146,-0.73950,,,,,,,
sample,35.650,0.11021,-0.79763,,,,,,,
sample,35.685,0.11021,-0.80391,,,,,,,
sample,35.734,0.21563,-0.71518,,,,,,,
sample,35.769,0.34687,-0.58259,,,,,,,
sample,35.818,0.34687,-0.51698,,,,,,,
sample,35.854,0.67625,-0.24368,,,,,,,
sample,35.901,0.95750,0.05020,,,,,,,
sample,35.934,0.95750,0.15087,,,,,,,
sample,35.968,1.24667,0.40262,,,,,,,
sample,36.001,1.24667,0.48288,,,,,,,
sample,36.037,1.74354,0.86768,,,,,,,
sample,36.088,1.74354,0.95658,,,,,,,
estimate,36.097,,,,69.00000,37.00000,,,,
sample,36.135,1.06708,0.48478,,,,,,,
sample,36.169,0.12583,-0.32470,,,,,,,
sample,36.201,0.12583,-0.55133,,,,,,,
sample,36.235,0.07833,-0.64846,,,,,,,
sample,36.268,0.07833,-0.67417,,,,,,,
sample,36.302,0.09729,-0.66644,,,,,,,
sample,36.336,0.09729,-0.66342,,,,,,,
sample,36.369,0.15854,-0.61828,,,,,,,
sample,36.402,0.15854,-0.60554,,,,,,,
sample,36.436,0.07500,-0.66114,,,,,,,
sample,36.470,0.07500,-0.67323,,,,,,,
sample,36.518,0.14354,-0.62552,,,,,,,
sample,36.553,0.14354,-0.60667,,,,,,,
sample,36.586,0.25708,-0.51222,,,,,,,
sample,36.620,0.25708,-0.47836,,,,,,,
sample,36.654,0.44979,-0.32116,,,,,,,
sample,36.687,0.44979,-0.26818,,,,,,,
sample,36.736,0.85521,0.04957,,,,,,,
sample,36.770,1.18042,0.38021,,,,,,,
sample,36.803,1.18042,0.48498,,,,,,,
sample,36.839,1.65479,0.86296,,,,,,,
sample,36.888,1.65479,0.99715,,,,,,,
sample,36.937,1.95083,1.23238,,,,,,,
sample,36.983,2.18458,1.44319,,,,,,,
sample,37.016,2.18458,1.47994,,,,,,,
sample,37.050,1.45063,0.94709,,,,,,,
sample,37.083,1.45063,0.78319,,,,,,,
estimate,37.097,,,,69.00000,40.00000,,,,
sample,37.117,0.17521,-0.18075,,,,,,,
sample,37.150,0.17521,-0.45041,,,,,,,
sample,37.183,0.07833,-0.59468,,,,,,,
sample,37.217,0.07833,-0.63409,,,,,,,
sample,37.250,0.09271,-0.62785,,,,,,,
sample,37.284,0.09271,-0.62503,,,,,,,
sample,37.317,0.14063,-0.58754,,,,,,,
sample,37.355,0.14063,-0.57483,,,,,,,
sample,37.401,0.08854,-0.60215,,,,,,,
sample,37.434,0.08854,-0.59969,,,,,,,
sample,37.468,0.18313,-0.52183,,,,,,,
sample,37.501,0.18313,-0.49467,,,,,,,
sample,37.534,0.32625,-0.37403,,,,,,,
sample,37.568,0.32625,-0.33028,,,,,,,
sample,37.605,0.47875,-0.19332,,,,,,,
sample,37.651,0.85688,0.14557,,,,,,,
sample,37.685,0.85688,0.25517,,,,,,,
sample,37.718,1.11229,0.46373,,,,,,,
sample,37.752,1.11229,0.52522,,,,,,,
sample,37.785,1.65583,0.91794,,,,,,,
sample,37.818,1.65583,1.01204,,,,,,,
sample,37.854,2.07437,1.31820,,,,,,,
sample,37.902,2.07437,1.37648,,,,,,,
sample,37.940,2.33375,1.55518,,,,,,,
sample,37.985,2.33375,1.58171,,,,,,,
sample,38.020,0.75646,0.44745,,,,,,,
sample,38.071,0.20104,-0.27105,,,,,,,
estimate,38.103,,,,68.00000,39.00000,,,,
sample,38.123,0.20104,-0.47324,,,,,,,
sample,38.177,0.17104,-0.55552,,,,,,,
sample,38.246,0.23542,-0.53095,,,,,,,
sample,38.281,0.33521,-0.44838,,,,,,,
sample,38.320,0.25354,-0.47615,,,,,,,
sample,38.353,0.25354,-0.47600,,,,,,,
sample,38.386,0.39396,-0.36527,,,,,,,
sample,38.420,0.39396,-0.32467,,,,,,,
sample,38.453,0.83792,0.01654,,,,,,,
sample,38.486,0.83792,0.11042,,,,,,,
sample,38.520,1.19458,0.39959,,,,,,,
sample,38.553,1.19458,0.47915,,,,,,,
sample,38.587,1.77417,0.90046,,,,,,,
sample,38.620,1.77417,1.00017,,,,,,,
sample,38.654,2.14833,1.27456,,,,,,,
sample,38.687,2.14833,1.32846,,,,,,,
sample,38.721,2.48729,1.56113,,,,,,,
sample,38.754,2.48729,1.59980,,,,,,,
sample,38.787,2.79333,1.80180,,,,,,,
sample,38.821,2.79333,1.82917,,,,,,,
sample,38.854,2.88458,1.87141,,,,,,,
sample,38.888,2.88458,1.85212,,,,,,,
sample,38.922,0.70354,0.27016,,,,,,,
sample,38.955,0.70354,-0.17899,,,,,,,
sample,38.988,0.17979,-0.68099,,,,,,,
sample,39.021,0.17979,-0.82070,,,,,,,
sample,39.055,0.13729,-0.88695,,,,,,,
sample,39.088,0.13729,-0.90205,,,,,,,
sample,39.122,0.16729,-0.87509,,,,,,,
sample,39.155,0.16729,-0.86004,,,,,,,
sample,39.188,0.12396,-0.87550,,,,,,,
sample,39.222,0.12396,-0.86831,,,,,,,
sample,39.255,0.06375,-0.89228,,,,,,,
sample,39.289,0.06375,-0.88164,,,,,,,
sample,39.322,0.06708,-0.86687,,,,,,,
estimate,39.347,,,,68.00000,38.00000,,,,
sample,39.356,0.06708,-0.84249,,,,,,,
sample,39.389,0.13312,-0.76607,,,,,,,
sample,39.427,0.13312,-0.72262,,,,,,,
sample,39.461,0.25812,-0.60764,,,,,,,
sample,39.494,0.25812,-0.56263,,,,,,,
sample,39.526,0.45542,-0.41099,,,,,,,
sample,39.561,0.45542,-0.37154,,,,,,,
sample,39.610,0.62542,-0.24398,,,,,,,
sample,39.643,0.62542,-0.21414,,,,,,,
sample,39.677,0.74562,-0.12625,,,,,,,
sample,39.710,0.74562,-0.10866,,,,,,,
sample,39.743,1.15708,0.18160,,,,,,,
sample,39.777,1.15708,0.25194,,,,,,,
sample,39.810,1.43542,0.45757,,,,,,,
sample,39.844,1.43542,0.50067,,,,,,,
sample,39.879,1.29396,0.39895,,,,,,,
sample,39.911,1.29396,0.35853,,,,,,,
sample,39.946,0.17438,-0.45726,,,,,,,
sample,39.994,0.06938,-0.75852,,,,,,,
sample,40.029,0.06938,-0.83847,,,,,,,
sample,40.062,0.05854,-0.86008,,,,,,,
sample,40.095,0.05854,-0.85755,,,,,,,
sample,40.127,0.07167,-0.83621,,,,,,,
sample,40.161,0.07167,-0.81905,,,,,,,
sample,40.195,0.02625,-0.82943,,,,,,,
sample,40.229,0.02625,-0.81483,,,,,,,
sample,40.261,0.07479,-0.75430,,,,,,,
sample,40.295,0.07479,-0.72962,,,,,,,
sample,40.328,0.14229,-0.65365,,,,,,,
sample,40.361,0.14229,-0.60917,,,,,,,
sample,40.395,0.28813,-0.47006,,,,,,,
sample,40.430,0.28813,-0.42615,,,,,,,
sample,40.479,0.58854,-0.20166,,,,,,,
sample,40.512,0.58854,-0.13760,,,,,,,
sample,40.547,0.79417,0.02219,,,,,,,
sample,40.580,0.79417,0.06043,,,,,,,
estimate,40.599,,,,68.00000,34.00000,,,,
sample,40.614,1.04333,0.24720,,,,,,,
sample,40.659,1.50438,0.61839,,,,,,,
sample,40.692,1.50438,0.71030,,,,,,,
sample,40.728,1.82854,0.95324,,,,,,,
sample,40.776,1.82854,1.00506,,,,,,,
sample,40.809,2.01167,1.13478,,,,,,,
sample,40.842,2.01167,1.15446,,,,,,,
sample,40.876,1.00063,0.43035,,,,,,,
sample,40.909,1.00063,0.22592,,,,,,,
sample,40.943,0.49854,-0.18566,,,,,,,
sample,40.976,0.49854,-0.29374,,,,,,,
sample,41.009,0.52812,-0.28989,,,,,,,
sample,41.043,0.52812,-0.27599,,,,,,,
sample,41.076,0.65521,-0.16524,,,,,,,
sample,41.109,0.65521,-0.11887,,,,,,,
sample,41.143,0.85437,0.05430,,,,,,,
sample,41.177,0.85437,0.11959,,,,,,,
sample,41.210,1.04854,0.29562,,,,,,,
sample,41.243,1.04854,0.36285,,,,,,,
sample,41.277,1.47687,0.70456,,,,,,,
sample,41.310,1.47687,0.81471,,,,,,,
sample,41.344,1.88083,1.12430,,,,,,,
sample,41.377,1.88083,1.19887,,,,,,,
sample,41.411,2.32583,1.51808,,,,,,,
sample,41.444,2.32583,1.58538,,,,,,,
sample,41.477,2.67604,1.83026,,,,,,,
sample,41.511,2.67604,1.87272,,,,,,,
sample,41.544,3.08396,2.14831,,,,,,,
sample,41.578,3.08396,2.19547,,,,,,,
sample,41.611,3.30333,2.33392,,,,,,,
sample,41.645,3.30333,2.33999,,,,,,,
sample,41.678,2.75417,1.91861,,,,,,,
sample,41.712,2.75417,1.77296,,,,,,,
sample,41.745,0.28063,-0.05097,,,,,,,
sample,41.778,0.28063,-0.56387,,,,,,,
sample,41.812,0.00000,-0.90816,,,,,,,
sample,41.845,0.00000,-1.00319,,,,,,,
sample,41.878,0.00000,-1.02715,,,,,,,
sample,41.912,0.00000,-1.03120,,,,,,,
sample,41.945,0.00000,-1.02765,,,,,,,
sample,41.979,0.00000,-1.02197,,,,,,,
sample,42.012,0.00000,-1.01395,,,,,,,
sample,42.045,0.00000,-1.00527,,,,,,,
sample,42.079,0.00000,-0.99517,,,,,,,
sample,42.113,0.00000,-0.98467,,,,,,,
sample,42.146,0.00000,-0.96983,,,,,,,
sample,42.180,0.00000,-0.95378,,,,,,,
sample,42.213,0.00000,-0.93452,,,,,,,
sample,42.246,0.00000,-0.91436,,,,,,,
sample,42.279,0.00000,-0.89541,,,,,,,
sample,42.313,0.00000,-0.87679,,,,,,,
sample,42.346,0.00000,-0.86978,,,,,,,
sample,42.380,0.00000,-0.85903,,,,,,,
sample,42.413,0.00000,-0.85531,,,,,,,
sample,42.447,0.00000,-0.85357,,,,,,,
sample,42.479,0.00000,-0.85249,,,,,,,
sample,42.513,0.00000,-0.85159,,,,,,,
sample,42.546,0.00063,-0.85017,,,,,,,
sample,42.580,0.00063,-0.84905,,,,,,,
sample,42.613,0.01917,-0.83532,,,,,,,
sample,42.647,0.01917,-0.83140,,,,,,,
sample,42.680,0.01167,-0.83506,,,,,,,
sample,42.714,0.01167,-0.83545,,,,,,,
sample,42.747,0.03646,-0.81663,,,,,,,
sample,42.781,0.03646,-0.81029,,,,,,,
sample,42.814,0.03229,-0.80892,,,,,,,
sample,42.848,0.03229,-0.80594,,,,,,,
sample,42.881,0.00021,-0.82224,,,,,,,
sample,42.914,0.00021,-0.82084,,,,,,,
sample,42.947,0.00042,-0.81225,,,,,,,
sample,42.981,0.00042,-0.80179,,,,,,,
sample,43.014,0.00667,-0.78385,,,,,,,
sample,43.048,0.00667,-0.77106,,,,,,,
sample,43.081,0.01063,-0.74969,,,,,,,
sample,43.114,0.01063,-0.72877,,,,,,,
sample,43.148,0.02750,-0.69275,,,,,,,
sample,43.181,0.02750,-0.66466,,,,,,,
sample,43.215,0.08271,-0.59775,,,,,,,
sample,43.248,0.08271,-0.55973,,,,,,,
sample,43.281,0.07437,-0.54582,,,,,,,
sample,43.315,0.07437,-0.53266,,,,,,,
sample,43.354,0.03792,-0.55062,,,,,,,
sample,43.398,0.03792,-0.55105,,,,,,,
sample,43.432,0.00937,-0.56653,,,,,,,
sample,43.465,0.00937,-0.56567,,,,,,,
sample,43.499,0.00667,-0.56090,,,,,,,
sample,43.532,0.00667,-0.55308,,,,,,,
sample,43.566,0.01979,-0.53309,,,,,,,
sample,43.606,0.00854,-0.52714,,,,,,,
sample,43.649,0.00854,-0.50970,,,,,,,
sample,43.682,0.02729,-0.47662,,,,,,,
sample,43.716,0.02729,-0.45265,,,,,,,
sample,43.749,0.01250,-0.43765,,,,,,,
sample,43.783,0.01250,-0.41450,,,,,,,
sample,43.816,0.04500,-0.36149,,,,,,,
sample,43.856,0.04500,-0.32351,,,,,,,
sample,43.900,0.00375,-0.31548,,,,,,,
sample,43.933,0.00375,-0.28613,,,,,,,
sample,43.967,0.00000,-0.24934,,,,,,,
sample,44.000,0.00000,-0.20777,,,,,,,
sample,44.033,0.00000,-0.16263,,,,,,,
sample,44.067,0.00000,-0.11649,,,,,,,
sample,44.105,0.00000,-0.07564,,,,,,,
sample,44.150,0.00000,-0.03360,,,,,,,
sample,44.186,0.00000,-0.01895,,,,,,,
sample,44.218,0.00000,-0.01484,,,,,,,
sample,44.252,0.00000,-0.01369,,,,,,,
sample,44.286,0.00000,-0.01337,,,,,,,
sample,44.319,0.00000,-0.01328,,,,,,,
sample,44.355,0.00000,-0.01326,,,,,,,
sample,44.403,0.00000,-0.01325,,,,,,,
sample,44.436,0.00000,-0.01325,,,,,,,
sample,44.469,0.00000,-0.01325,,,,,,,
sample,44.503,0.00000,-0.01325,,,,,,,
sample,44.536,0.00000,-0.01325,,,,,,,
sample,44.570,0.00000,-0.01325,,,,,,,
sample,44.604,0.00000,-0.01325,,,,,,,
sample,44.653,0.00000,-0.01339,,,,,,,
sample,44.687,0.00000,-0.01342,,,,,,,
sample,44.720,0.00000,-0.01343,,,,,,,
sample,44.754,0.00000,-0.01344,,,,,,,
sample,44.787,0.00000,-0.01344,,,,,,,
sample,44.820,0.00000,-0.01344,,,,,,,
sample,44.854,0.00000,-0.01344,,,,,,,
sample,44.887,0.00000,-0.01344,,,,,,,
sample,44.921,0.00000,-0.01344,,,,,,,
sample,44.954,0.00000,-0.01343,,,,,,,
sample,44.987,0.00000,-0.01342,,,,,,,
sample,45.021,0.00000,-0.01322,,,,,,,
sample,45.055,0.00000,-0.01297,,,,,,,
sample,45.087,0.00000,-0.01277,,,,,,,
sample,45.121,0.00000,-0.01260,,,,,,,
sample,45.154,0.00000,-0.01217,,,,,,,
sample,45.188,0.00000,-0.01167,,,,,,,
sample,45.221,0.00000,-0.01119,,,,,,,
sample,45.254,0.00000,-0.01072,,,,,,,
sample,45.289,0.00000,-0.01058,,,,,,,
sample,45.323,0.00000,-0.01054,,,,,,,
sample,45.357,0.01937,0.00322,,,,,,,
sample,45.405,0.01937,0.00688,,,,,,,
sample,45.439,30.49563,21.63265,,,,,,,
sample,45.472,30.49563,27.36973,,,,,,,
sample,45.505,123.60229,94.72325,,,,,,,
sample,45.538,123.60229,112.29259,,,,,,,
sample,45.572,5.91854,32.41823,,,,,,,
sample,45.605,5.91854,9.99194,,,,,,,
sample,45.639,0.00021,-0.54776,,,,,,,
sample,45.672,0.00021,-3.49802,,,,,,,
sample,45.706,0.00042,-4.32317,,,,,,,
sample,45.739,0.00042,-4.55344,,,,,,,
sample,45.773,0.84813,-4.01602,,,,,,,
sample,45.806,0.84813,-3.87399,,,,,,,
sample,45.840,0.00187,-4.44345,,,,,,,
sample,45.873,0.00187,-4.60282,,,,,,,
sample,45.906,0.00000,-4.64872,,,,,,,
sample,45.940,0.00000,-4.66151,,,,,,,
sample,45.974,0.00000,-4.66488,,,,,,,
sample,46.007,0.00000,-4.66573,,,,,,,
sample,46.040,0.00000,-4.61798,,,,,,,
sample,46.073,0.00000,-4.60452,,,,,,,
sample,46.107,0.00000,-4.60047,,,,,,,
sample,46.140,0.00000,-4.59906,,,,,,,
sample,46.173,0.00000,-4.59853,,,,,,,
sample,46.207,0.00000,-4.59826,,,,,,,
sample,46.242,0.00000,-4.59772,,,,,,,
sample,46.290,0.00000,-4.59710,,,,,,,
sample,46.324,0.00000,-4.59689,,,,,,,
sample,46.358,0.00000,-4.59679,,,,,,,
sample,46.391,0.00000,-4.59677,,,,,,,
sample,46.424,0.00000,-4.59676,,,,,,,
sample,46.461,0.00000,-4.59676,,,,,,,
sample,46.510,0.00021,-4.64457,,,,,,,
sample,46.543,0.00021,-4.61000,,,,,,,
sample,46.576,0.00021,-4.60032,,,,,,,
sample,46.611,0.00021,-4.59761,,,,,,,
sample,46.644,0.00000,-4.59700,,,,,,,
sample,46.677,0.00000,-4.59683,,,,,,,
sample,46.710,0.00021,-4.59664,,,,,,,
sample,46.744,0.00021,-4.59659,,,,,,,
sample,46.777,0.00000,-4.59672,,,,,,,
sample,46.811,0.00000,-4.59676,,,,,,,
sample,46.844,0.00000,-4.59677,,,,,,,
sample,46.879,0.00000,-4.59677,,,,,,,
sample,46.911,0.00000,-4.59677,,,,,,,
sample,46.946,0.00000,-4.59677,,,,,,,
sample,46.994,0.00000,-4.59677,,,,,,,
sample,47.027,0.00000,-4.59677,,,,,,,
sample,47.061,0.00000,-4.59677,,,,,,,
sample,47.093,0.00000,-4.59677,,,,,,,
sample,47.128,0.00000,-4.59677,,,,,,,
sample,47.161,0.00021,-4.59663,,,,,,,
sample,47.194,0.00021,-4.59659,,,,,,,
sample,47.228,0.00000,-4.59673,,,,,,,
sample,47.261,0.00000,-4.59676,,,,,,,
sample,47.294,0.00021,-4.59663,,,,,,,
sample,47.328,0.00021,-4.59659,,,,,,,
sample,47.361,0.00000,-4.59673,,,,,,,
sample,47.395,0.00000,-4.59677,,,,,,,
sample,47.429,0.00063,-4.59634,,,,,,,
sample,47.463,0.00063,-4.59622,,,,,,,
sample,47.511,0.00000,-4.59664,,,,,,,
sample,47.544,0.00000,-4.59676,,,,,,,
sample,47.578,0.00000,-4.59679,,,,,,,
sample,47.612,0.00000,-4.59680,,,,,,,
sample,47.658,0.00000,-4.64477,,,,,,,
sample,47.692,0.04271,-4.62790,,,,,,,
sample,47.725,0.04271,-4.62362,,,,,,,
sample,47.758,0.55604,-4.25842,,,,,,,
sample,47.792,0.55604,-4.11382,,,,,,,
sample,47.825,1.70458,-3.26372,,,,,,,
sample,47.859,1.70458,-2.72956,,,,,,,
sample,47.892,2.78375,-1.51795,,,,,,,
sample,47.926,2.78375,0.06400,,,,,,,
sample,47.959,2.21229,1.34408,,,,,,,
sample,47.992,2.21229,1.74062,,,,,,,
sample,48.026,1.41792,1.32600,,,,,,,
sample,48.059,1.41792,1.19532,,,,,,,
sample,48.093,0.73042,0.65622,,,,,,,
sample,48.126,0.73042,0.49776,,,,,,,
sample,48.160,0.25500,0.10848,,,,,,,
sample,48.193,0.25500,0.00558,,,,,,,
sample,48.226,0.00000,-0.19811,,,,,,,
sample,48.260,0.00000,-0.25512,,,,,,,
sample,48.293,0.00000,-0.27107,,,,,,,
sample,48.326,0.00000,-0.27553,,,,,,,
sample,48.360,0.00000,-0.27678,,,,,,,
sample,48.393,0.00000,-0.27713,,,,,,,
sample,48.427,0.00000,-0.27723,,,,,,,
sample,48.460,0.00000,-0.27726,,,,,,,
sample,48.493,0.00000,-0.27726,,,,,,,
sample,48.527,0.00000,-0.27727,,,,,,,
sample,48.560,0.00000,-0.27727,,,,,,,
sample,48.594,0.00000,-0.27727,,,,,,,
sample,48.627,0.00000,-0.27727,,,,,,,
sample,48.661,0.00000,-0.27727,,,,,,,
sample,48.694,0.00000,-0.27727,,,,,,,
sample,48.728,0.00000,-0.27727,,,,,,,
sample,48.761,0.00000,-0.27727,,,,,,,
sample,48.794,0.00000,-0.27727,,,,,,,
sample,48.828,0.00000,-0.27727,,,,,,,
sample,48.862,0.00000,-0.27727,,,,,,,
sample,48.895,0.00000,-0.27446,,,,,,,
sample,48.928,0.00000,-0.27367,,,,,,,
sample,48.962,0.00000,-0.27344,,,,,,,
sample,48.995,0.00000,-0.27338,,,,,,,
sample,49.029,0.00000,-0.27336,,,,,,,
sample,49.062,0.00000,-0.27335,,,,,,,
sample,49.096,0.00000,-0.27335,,,,,,,
sample,49.129,0.00000,-0.27335,,,,,,,
sample,49.162,0.00000,-0.27335,,,,,,,
sample,49.196,0.00000,-0.27335,,,,,,,
sample,49.229,0.00000,-0.27335,,,,,,,
sample,49.263,0.00000,-0.27335,,,,,,,
sample,49.295,0.00000,-0.27335,,,,,,,
sample,49.329,0.00000,-0.27335,,,,,,,
sample,49.363,0.00000,-0.27335,,,,,,,
sample,49.396,0.00000,-0.27335,,,,,,,
sample,49.430,0.00000,-0.27335,,,,,,,
sample,49.463,0.00000,-0.27335,,,,,,,
sample,49.496,0.00000,-0.27335,,,,,,,
sample,49.530,0.00000,-0.27335,,,,,,,
sample,49.563,0.00000,-0.27334,,,,,,,
sample,49.597,0.00000,-0.27334,,,,,,,
sample,49.630,0.00000,-0.27334,,,,,,,
sample,49.663,0.00000,-0.27334,,,,,,,
sample,49.697,0.00000,-0.27334,,,,,,,
sample,49.730,0.00000,-0.27333,,,,,,,
sample,49.764,0.00000,-0.27333,,,,,,,
sample,49.797,0.00000,-0.27333,,,,,,,
sample,49.830,0.00000,-0.27333,,,,,,,
sample,49.864,0.00000,-0.27332,,,,,,,
sample,49.897,0.00000,-0.27058,,,,,,,
sample,49.931,0.00000,-0.26982,,,,,,,
sample,49.964,0.00000,-0.26960,,,,,,,
sample,49.997,0.00000,-0.26954,,,,,,,
sample,50.031,0.00000,-0.26953,,,,,,,
sample,50.064,0.00000,-0.26952,,,,,,,
sample,50.105,0.00000,-0.26909,,,,,,,
sample,50.148,0.00000,-0.26855,,,,,,,
sample,50.185,0.00000,-0.26283,,,,,,,
sample,50.219,0.00000,-0.25567,,,,,,,
sample,50.251,0.00000,-0.23662,,,,,,,
sample,50.286,0.00000,-0.21424,,,,,,,
sample,50.335,0.00000,-0.15360,,,,,,,
sample,50.369,0.00000,-0.11419,,,,,,,
sample,50.404,0.00000,-0.08072,,,,,,,
sample,50.436,0.00000,-0.05697,,,,,,,
sample,50.469,0.00000,-0.03594,,,,,,,
sample,50.503,0.00000,-0.02264,,,,,,,
sample,50.535,0.00000,-0.01151,,,,,,,
sample,50.570,0.00000,-0.00581,,,,,,,
sample,50.604,0.00000,-0.00163,,,,,,,
sample,50.652,0.00000,-0.00046,,,,,,,
sample,50.686,0.00000,-0.00013,,,,,,,
sample,50.720,0.00000,-0.00004,,,,,,,
sample,50.753,0.00000,-0.00001,,,,,,,
sample,50.786,0.00000,-0.00000,,,,,,,
sample,50.820,0.00000,-0.00000,,,,,,,
sample,50.853,0.00000,-0.00000,,,,,,,
sample,50.887,0.00000,-0.00000,,,,,,,
sample,50.920,0.00000,-0.00000,,,,,,,
sample,50.953,0.00000,-0.00000,,,,,,,
sample,50.987,0.00000,-0.00000,,,,,,,
sample,51.021,0.00000,-0.00000,,,,,,,
sample,51.053,0.00000,-0.00000,,,,,,,
sample,51.090,0.00000,-0.00000,,,,,,,
sample,51.137,0.00000,-0.00000,,,,,,,
sample,51.170,0.00000,-0.00000,,,,,,,
sample,51.205,0.00000,-0.00000,,,,,,,
sample,51.254,0.00000,-0.00000,,,,,,,
sample,51.287,0.00000,-0.00000,,,,,,,
sample,51.321,0.00000,-0.00000,,,,,,,
sample,51.355,0.00000,-0.00000,,,,,,,
sample,51.404,0.00000,-0.00000,,,,,,,
sample,51.437,0.00000,-0.00000,,,,,,,
sample,51.471,0.00000,-0.00000,,,,,,,
sample,51.504,0.00000,-0.00000,,,,,,,
sample,51.537,0.00000,-0.00000,,,,,,,
sample,51.571,0.00000,-0.00000,,,,,,,
sample,51.605,0.00063,0.00044,,,,,,,
sample,51.651,0.00083,0.00071,,,,,,,
sample,51.684,0.00083,0.00077,,,,,,,
sample,51.718,0.00458,0.00345,,,,,,,
sample,51.751,0.00458,0.00415,,,,,,,
sample,51.785,0.00021,0.00119,,,,,,,
sample,51.818,0.00021,0.00036,,,,,,,
sample,51.853,0.00000,-0.00002,,,,,,,
sample,51.885,0.00000,-0.00013,,,,,,,
sample,51.918,0.00000,-0.00016,,,,,,,
sample,51.952,0.00000,-0.00017,,,,,,,
sample,51.985,0.00000,-0.00017,,,,,,,
sample,52.019,0.00000,-0.00017,,,,,,,
sample,52.052,0.00000,-0.00017,,,,,,,
sample,52.086,0.00000,-0.00017,,,,,,,
sample,52.119,0.00000,-0.00017,,,,,,,
sample,52.153,0.00000,-0.00017,,,,,,,
sample,52.186,0.00000,-0.00017,,,,,,,
sample,52.220,0.00000,-0.00017,,,,,,,
sample,52.253,0.00000,-0.00017,,,,,,,
sample,52.286,0.00000,-0.00017,,,,,,,
sample,52.319,0.00000,-0.00017,,,,,,,
sample,52.353,0.00000,-0.00017,,,,,,,
sample,52.386,0.00000,-0.00017,,,,,,,
sample,52.420,0.00000,-0.00017,,,,,,,
sample,52.453,0.00000,-0.00017,,,,,,,
sample,52.487,0.00000,-0.00017,,,,,,,
sample,52.520,0.00187,0.00116,,,,,,,
sample,52.553,0.00187,0.00151,,,,,,,
sample,52.587,0.00604,0.00455,,,,,,,
sample,52.620,0.00604,0.00533,,,,,,,
sample,52.654,0.00021,0.00135,,,,,,,
sample,52.687,0.00021,0.00024,,,,,,,
sample,52.720,0.00000,-0.00022,,,,,,,
sample,52.754,0.00000,-0.00035,,,,,,,
sample,52.787,0.00000,-0.00039,,,,,,,
sample,52.821,0.00000,-0.00040,,,,,,,
sample,52.854,0.00000,-0.00040,,,,,,,
sample,52.888,0.00000,-0.00040,,,,,,,
sample,52.921,0.00000,-0.00040,,,,,,,
sample,52.955,0.00000,-0.00040,,,,,,,
sample,52.988,0.00000,-0.00040,,,,,,,
sample,53.021,0.00000,-0.00040,,,,,,,
sample,53.054,0.00000,-0.00040,,,,,,,
sample,53.088,0.00000,-0.00040,,,,,,,
sample,53.121,0.00000,-0.00040,,,,,,,
sample,53.155,0.00000,-0.00040,,,,,,,
sample,53.188,0.00000,-0.00040,,,,,,,
sample,53.222,0.00000,-0.00040,,,,,,,
sample,53.255,0.00000,-0.00040,,,,,,,
sample,53.289,0.00000,-0.00040,,,,,,,
sample,53.322,0.00042,-0.00011,,,,,,,
sample,53.356,0.00042,-0.00003,,,,,,,
sample,53.389,0.00083,0.00029,,,,,,,
sample,53.422,0.00083,0.00037,,,,,,,
sample,53.455,0.00792,0.00541,,,,,,,
sample,53.489,0.00792,0.00674,,,,,,,
sample,53.522,0.02125,0.01650,,,,,,,
sample,53.556,0.02125,0.01902,,,,,,,
sample,53.589,0.00021,0.00457,,,,,,,
sample,53.623,0.00021,0.00052,,,,,,,
sample,53.656,0.00000,-0.00076,,,,,,,
sample,53.689,0.00000,-0.00112,,,,,,,
sample,53.723,0.00000,-0.00122,,,,,,,
sample,53.756,0.00000,-0.00125,,,,,,,
sample,53.789,0.00000,-0.00124,,,,,,,
sample,53.823,0.00000,-0.00124,,,,,,,
sample,53.856,0.00000,-0.00124,,,,,,,
sample,53.890,0.00000,-0.00124,,,,,,,
sample,53.923,0.00000,-0.00124,,,,,,,
sample,53.957,0.00000,-0.00124,,,,,,,
sample,53.990,0.00000,-0.00124,,,,,,,
sample,54.024,0.00000,-0.00124,,,,,,,
sample,54.057,0.00000,-0.00122,,,,,,,
sample,54.090,0.00000,-0.00121,,,,,,,
sample,54.124,0.00000,-0.00116,,,,,,,
sample,54.157,0.00000,-0.00111,,,,,,,
sample,54.191,0.00000,-0.00109,,,,,,,
sample,54.224,0.00000,-0.00108,,,,,,,
sample,54.257,0.00000,-0.00108,,,,,,,
sample,54.291,0.00000,-0.00108,,,,,,,
sample,54.324,0.00021,-0.00093,,,,,,,
sample,54.358,0.00021,-0.00089,,,,,,,
sample,54.391,0.00250,0.00075,,,,,,,
sample,54.425,0.00250,0.00118,,,,,,,
sample,54.458,0.00354,0.00202,,,,,,,
sample,54.492,0.00354,0.00221,,,,,,,
sample,54.525,0.00271,0.00164,,,,,,,
sample,54.558,0.00271,0.00146,,,,,,,
sample,54.592,0.00000,-0.00055,,,,,,,
sample,54.625,0.00000,-0.00111,,,,,,,
sample,54.658,0.00000,-0.00126,,,,,,,
sample,54.692,0.00000,-0.00131,,,,,,,
sample,54.725,0.00000,-0.00132,,,,,,,
sample,54.759,0.00000,-0.00132,,,,,,,
sample,54.792,0.00000,-0.00132,,,,,,,
sample,54.826,0.00000,-0.00133,,,,,,,
sample,54.859,0.00000,-0.00133,,,,,,,
sample,54.892,0.00000,-0.00133,,,,,,,
sample,54.926,0.00000,-0.00131,,,,,,,
sample,54.960,0.00000,-0.00128,,,,,,,
sample,54.993,0.00000,-0.00122,,,,,,,
sample,55.027,0.00000,-0.00114,,,,,,,
sample,55.059,0.00000,-0.00111,,,,,,,
sample,55.093,0.00000,-0.00110,,,,,,,
sample,55.127,0.00021,-0.00095,,,,,,,
sample,55.160,0.00021,-0.00091,,,,,,,
sample,55.193,0.00167,0.00013,,,,,,,
sample,55.227,0.00167,0.00041,,,,,,,
sample,55.260,0.00333,0.00165,,,,,,,
sample,55.294,0.00333,0.00197,,,,,,,
sample,55.327,0.01312,0.00897,,,,,,,
sample,55.360,0.01312,0.01080,,,,,,,
sample,55.394,0.01542,0.01281,,,,,,,
sample,55.427,0.01542,0.01322,,,,,,,
sample,55.461,0.00000,0.00224,,,,,,,
sample,55.494,0.00000,-0.00084,,,,,,,
sample,55.528,0.00000,-0.00170,,,,,,,
sample,55.561,0.00000,-0.00194,,,,,,,
sample,55.594,0.00000,-0.00201,,,,,,,
sample,55.628,0.00000,-0.00203,,,,,,,
sample,55.661,0.00000,-0.00203,,,,,,,
sample,55.695,0.00000,-0.00204,,,,,,,
sample,55.728,0.00000,-0.00203,,,,,,,
sample,55.762,0.00000,-0.00203,,,,,,,
sample,55.795,0.00000,-0.00202,,,,,,,
sample,55.828,0.00000,-0.00201,,,,,,,
sample,55.862,0.00000,-0.00192,,,,,,,
sample,55.895,0.00000,-0.00182,,,,,,,
sample,55.928,0.00000,-0.00158,,,,,,,
sample,55.962,0.00000,-0.00130,,,,,,,
sample,55.995,0.00000,-0.00122,,,,,,,
sample,56.029,0.00000,-0.00120,,,,,,,
sample,56.063,0.00000,-0.00119,,,,,,,
sample,56.095,0.00000,-0.00119,,,,,,,
sample,56.129,0.00000,-0.00119,,,,,,,
sample,56.162,0.00125,-0.00030,,,,,,,
sample,56.196,0.00125,-0.00006,,,,,,,
sample,56.229,0.00125,-0.00001,,,,,,,
sample,56.263,0.00125,-0.00001,,,,,,,
sample,56.296,0.01271,0.00812,,,,,,,
sample,56.330,0.01271,0.01026,,,,,,,
sample,56.363,0.03021,0.02316,,,,,,,
sample,56.396,0.03021,0.02647,,,,,,,
sample,56.430,0.00104,0.00639,,,,,,,
sample,56.463,0.00104,0.00076,,,,,,,
sample,56.496,0.00000,-0.00157,,,,,,,
sample,56.530,0.00000,-0.00222,,,,,,,
sample,56.563,0.00000,-0.00241,,,,,,,
sample,56.596,0.00000,-0.00246,,,,,,,
sample,56.630,0.00000,-0.00247,,,,,,,
sample,56.663,0.00000,-0.00248,,,,,,,
sample,56.697,0.00000,-0.00248,,,,,,,
sample,56.730,0.00000,-0.00247,,,,,,,
sample,56.764,0.00000,-0.00247,,,,,,,
sample,56.797,0.00000,-0.00245,,,,,,,
sample,56.830,0.00000,-0.00241,,,,,,,
sample,56.864,0.00000,-0.00237,,,,,,,
sample,56.897,0.00000,-0.00232,,,,,,,
sample,56.931,0.00000,-0.00228,,,,,,,
sample,56.964,0.00000,-0.00224,,,,,,,
sample,56.997,0.00000,-0.00223,,,,,,,
sample,57.031,0.00000,-0.00223,,,,,,,
sample,57.064,0.00000,-0.00223,,,,,,,
sample,57.104,0.00000,-0.00223,,,,,,,
sample,57.148,0.00000,-0.00223,,,,,,,
sample,57.186,0.00000,-0.00223,,,,,,,
sample,57.218,1.04958,0.74298,,,,,,,
sample,57.252,1.04958,0.94114,,,,,,,
sample,57.285,2.74167,2.18751,,,,,,,
sample,57.318,2.74167,2.50907,,,,,,,
sample,57.353,0.00063,0.62555,,,,,,,
sample,57.386,0.00063,0.09816,,,,,,,
sample,57.419,0.00292,-0.04788,,,,,,,
sample,57.453,0.00292,-0.08881,,,,,,,
sample,57.485,0.00313,-0.10015,,,,,,,
sample,57.519,0.00313,-0.10335,,,,,,,
sample,57.552,0.00104,-0.10576,,,,,,,
sample,57.586,0.00104,-0.10644,,,,,,,
sample,57.619,0.00187,-0.10603,,,,,,,
sample,57.653,0.00187,-0.10592,,,,,,,
sample,57.686,0.00187,-0.10588,,,,,,,
sample,57.720,0.00187,-0.10585,,,,,,,
sample,57.752,0.00042,-0.10677,,,,,,,
sample,57.786,0.00042,-0.10689,,,,,,,
sample,57.820,0.00063,-0.10663,,,,,,,
sample,57.853,0.00063,-0.10641,,,,,,,
sample,57.900,0.00125,-0.10700,,,,,,,
sample,57.933,0.00125,-0.10717,,,,,,,
sample,57.967,0.00000,-0.10812,,,,,,,
sample,58.000,0.00000,-0.10839,,,,,,,
sample,58.033,0.00021,-0.10831,,,,,,,
sample,58.067,0.00021,-0.10830,,,,,,,
sample,58.104,0.00000,-0.10844,,,,,,,
sample,58.150,0.00000,-0.10848,,,,,,,
sample,58.184,0.00000,-0.10849,,,,,,,
sample,58.217,0.00063,-0.10805,,,,,,,
sample,58.250,0.00063,-0.10794,,,,,,,
sample,58.284,0.00042,-0.10806,,,,,,,
sample,58.317,0.00042,-0.10810,,,,,,,
sample,58.352,0.00104,-0.10767,,,,,,,
sample,58.401,0.00104,-0.10867,,,,,,,
sample,58.434,0.00292,-0.10764,,,,,,,
sample,58.468,0.00292,-0.10738,,,,,,,
sample,58.501,0.00354,-0.10689,,,,,,,
sample,58.534,0.00354,-0.10679,,,,,,,
sample,58.568,0.00292,-0.10723,,,,,,,
sample,58.605,0.00292,-0.10737,,,,,,,
sample,58.651,0.00292,-0.10742,,,,,,,
sample,58.685,0.00104,-0.10879,,,,,,,
sample,58.718,0.00104,-0.10905,,,,,,,
sample,58.752,0.00250,-0.10797,,,,,,,
sample,58.785,0.00250,-0.10738,,,,,,,
sample,58.819,0.00167,-0.10752,,,,,,,
sample,58.852,0.00167,-0.10757,,,,,,,
sample,58.885,0.00104,-0.10803,,,,,,,
sample,58.920,0.00104,-0.10817,,,,,,,
sample,58.953,0.00042,-0.10867,,,,,,,
sample,58.986,0.00042,-0.10881,,,,,,,
sample,59.019,0.00083,-0.10856,,,,,,,
sample,59.053,0.00083,-0.10849,,,,,,,
sample,59.086,0.00063,-0.10863,,,,,,,
sample,59.120,0.00063,-0.10868,,,,,,,
sample,59.153,0.00083,-0.10855,,,,,,,
sample,59.186,0.00083,-0.10852,,,,,,,
sample,59.219,0.00063,-0.10867,,,,,,,
sample,59.253,0.00063,-0.10872,,,,,,,
sample,59.286,0.00063,-0.10874,,,,,,,
sample,59.320,0.00063,-0.10875,,,,,,,
sample,59.353,0.00479,-0.10580,,,,,,,
sample,59.387,0.00479,-0.10503,,,,,,,
sample,59.420,0.00521,-0.10456,,,,,,,
sample,59.453,0.00521,-0.10449,,,,,,,
sample,59.487,0.00333,-0.10585,,,,,,,
sample,59.521,0.00333,-0.10627,,,,,,,
sample,59.553,0.00292,-0.10671,,,,,,,
sample,59.587,0.00292,-0.10687,,,,,,,
sample,59.620,0.00250,-0.09644,,,,,,,
sample,59.654,0.00250,-0.08275,,,,,,,
sample,59.687,0.00500,-0.04897,,,,,,,
sample,59.721,0.00500,-0.01136,,,,,,,
sample,59.754,0.00333,-0.00206,,,,,,,
sample,59.788,0.00333,0.00052,,,,,,,
sample,59.821,0.00375,0.00153,,,,,,,
sample,59.855,0.00375,0.00180,,,,,,,
sample,59.888,0.00354,0.00173,,,,,,,
sample,59.921,0.00354,0.00170,,,,,,,
sample,59.954,0.00083,-0.00025,,,,,,,
sample,59.988,0.00083,-0.00080,,,,,,,
sample,60.021,0.00187,-0.00020,,,,,,,
sample,60.055,0.00187,-0.00004,,,,,,,
sample,60.088,0.00042,-0.00102,,,,,,,
sample,60.122,0.00042,-0.00129,,,,,,,
sample,60.155,0.00063,-0.00121,,,,,,,
sample,60.189,0.00063,-0.00119,,,,,,,
sample,60.222,0.00187,-0.00030,,,,,,,
sample,60.255,0.00187,-0.00006,,,,,,,
sample,60.289,0.00292,0.00074,,,,,,,
sample,60.322,0.00292,0.00095,,,,,,,
sample,60.355,0.00146,-0.00004,,,,,,,
sample,60.390,0.00146,-0.00033,,,,,,,
sample,60.422,0.00187,-0.00014,,,,,,,
sample,60.456,0.00187,-0.00010,,,,,,,
sample,60.489,0.00208,0.00004,,,,,,,
sample,60.523,0.00208,0.00006,,,,,,,
sample,60.556,0.00125,-0.00054,,,,,,,
sample,60.590,0.00125,-0.00073,,,,,,,
sample,60.623,0.00146,-0.00064,,,,,,,
sample,60.656,0.00146,-0.00062,,,,,,,
sample,60.690,0.00229,-0.00003,,,,,,,
sample,60.723,0.00229,0.00011,,,,,,,
sample,60.757,0.00021,-0.00134,,,,,,,
sample,60.790,0.00021,-0.00173,,,,,,,
sample,60.823,0.00021,-0.00183,,,,,,,
sample,60.856,0.00021,-0.00183,,,,,,,
sample,60.890,0.00042,-0.00165,,,,,,,
sample,60.924,0.00042,-0.00157,,,,,,,
sample,60.957,0.00042,-0.00152,,,,,,,
sample,60.990,0.00042,-0.00148,,,,,,,
sample,61.024,0.00063,-0.00130,,,,,,,
sample,61.057,0.00063,-0.00122,,,,,,,
sample,61.091,0.00208,-0.00016,,,,,,,
sample,61.124,0.00208,0.00013,,,,,,,
sample,61.157,0.00187,0.00006,,,,,,,
sample,61.191,0.00187,0.00005,,,,,,,
sample,61.224,0.00250,0.00049,,,,,,,
sample,61.258,0.00250,0.00060,,,,,,,
sample,61.291,0.00042,-0.00086,,,,,,,
sample,61.325,0.00042,-0.00126,,,,,,,
sample,61.358,0.00063,-0.00123,,,,,,,
sample,61.392,0.00063,-0.00122,,,,,,,
sample,61.425,0.00063,-0.00121,,,,,,,
sample,61.458,0.00063,-0.00121,,,,,,,
sample,61.492,0.00146,-0.00062,,,,,,,
sample,61.525,0.00146,-0.00046,,,,,,,
sample,61.558,0.00104,-0.00072,,,,,,,
sample,61.592,0.00104,-0.00079,,,,,,,
sample,61.625,0.00187,-0.00023,,,,,,,
sample,61.659,0.00187,-0.00008,,,,,,,
sample,61.692,0.00042,-0.00109,,,,,,,
sample,61.726,0.00042,-0.00137,,,,,,,
sample,61.759,0.00063,-0.00125,,,,,,,
sample,61.793,0.00063,-0.00118,,,,,,,
sample,61.826,0.00104,-0.00082,,,,,,,
sample,61.859,0.00104,-0.00067,,,,,,,
sample,61.893,0.00063,-0.00091,,,,,,,
sample,61.926,0.00063,-0.00095,,,,,,,
sample,61.959,0.00229,0.00025,,,,,,,
sample,61.993,0.00229,0.00059,,,,,,,
sample,62.026,0.00375,0.00172,,,,,,,
sample,62.060,0.00375,0.00203,,,,,,,
sample,62.094,0.00479,0.00287,,,,,,,
sample,62.127,0.00479,0.00310,,,,,,,
sample,62.160,0.00500,0.00330,,,,,,,
sample,62.193,0.00500,0.00334,,,,,,,
sample,62.227,0.00438,0.00290,,,,,,,
sample,62.261,0.00438,0.00277,,,,,,,
sample,62.294,0.00729,0.00479,,,,,,,
sample,62.327,0.00729,0.00532,,,,,,,
sample,62.360,0.00271,0.00215,,,,,,,
sample,62.394,0.00271,0.00124,,,,,,,
sample,62.427,0.00271,0.00098,,,,,,,
sample,62.461,0.00271,0.00090,,,,,,,
sample,62.494,0.00125,-0.00018,,,,,,,
sample,62.527,0.00125,-0.00049,,,,,,,
sample,62.562,0.00313,0.00075,,,,,,,
sample,62.594,0.00313,0.00107,,,,,,,
sample,62.628,0.00104,-0.00033,,,,,,,
sample,62.661,0.00104,-0.00072,,,,,,,
sample,62.695,0.00208,-0.00007,,,,,,,
sample,62.728,0.00208,0.00012,,,,,,,
sample,62.762,0.00208,0.00017,,,,,,,
sample,62.795,0.00208,0.00018,,,,,,,
sample,62.828,0.00187,0.00003,,,,,,,
sample,62.861,0.00187,-0.00001,,,,,,,
sample,62.895,0.00187,-0.00002,,,,,,,
sample,62.928,0.00167,-0.00017,,,,,,,
sample,62.962,0.00167,-0.00022,,,,,,,
sample,62.995,0.00375,0.00125,,,,,,,
sample,63.029,0.00375,0.00163,,,,,,,
sample,63.062,0.00604,0.00334,,,,,,,
sample,63.097,0.00396,0.00231,,,,,,,
sample,63.129,0.00396,0.00200,,,,,,,
sample,63.162,0.00396,0.00188,,,,,,,
sample,63.196,0.00521,0.00269,,,,,,,
sample,63.229,0.00521,0.00287,,,,,,,
sample,63.262,0.00625,0.00361,,,,,,,
sample,63.296,0.00625,0.00376,,,,,,,
sample,63.330,0.00125,0.00019,,,,,,,
sample,63.363,0.00125,-0.00081,,,,,,,
sample,63.397,0.00375,0.00067,,,,,,,
sample,63.430,0.00375,0.00105,,,,,,,
sample,63.463,0.00271,0.00039,,,,,,,
sample,63.497,0.00271,0.00020,,,,,,,
sample,63.530,0.00125,-0.00090,,,,,,,
sample,63.563,0.00125,-0.00120,,,,,,,
sample,63.598,0.00187,-0.00083,,,,,,,
sample,63.630,0.00187,-0.00072,,,,,,,
sample,63.664,0.00125,-0.00113,,,,,,,
sample,63.697,0.00125,-0.00125,,,,,,,
sample,63.730,0.00063,-0.00174,,,,,,,
sample,63.764,0.00063,-0.00187,,,,,,,
sample,63.797,0.00187,-0.00102,,,,,,,
sample,63.831,0.00187,-0.00080,,,,,,,
sample,63.864,0.00250,-0.00031,,,,,,,
sample,63.898,0.00250,-0.00018,,,,,,,
sample,63.931,0.00583,0.00221,,,,,,,
sample,63.964,0.00583,0.00284,,,,,,,
sample,63.998,0.00229,0.00045,,,,,,,
sample,64.031,0.00229,-0.00022,,,,,,,
sample,64.065,0.00125,-0.00116,,,,,,,
sample,64.098,0.00125,-0.00143,,,,,,,
sample,64.132,0.00375,0.00027,,,,,,,
sample,64.165,0.00375,0.00071,,,,,,,
sample,64.198,0.00187,-0.00053,,,,,,,
sample,64.232,0.00187,-0.00089,,,,,,,
sample,64.265,0.00354,0.00019,,,,,,,
sample,64.299,0.00354,0.00046,,,,,,,
sample,64.332,0.00125,-0.00112,,,,,,,
sample,64.365,0.00125,-0.00155,,,,,,,
sample,64.399,0.00063,-0.00211,,,,,,,
sample,64.432,0.00063,-0.00223,,,,,,,
sample,64.466,0.00375,-0.00001,,,,,,,
sample,64.499,0.00375,0.00062,,,,,,,
sample,64.533,0.00104,-0.00112,,,,,,,
sample,64.566,0.00104,-0.00157,,,,,,,
sample,64.603,0.00562,0.00160,,,,,,,
sample,64.649,0.00604,0.00277,,,,,,,
sample,64.683,0.00604,0.00309,,,,,,,
sample,64.716,0.00396,0.00171,,,,,,,
sample,64.750,0.00396,0.00135,,,,,,,
sample,64.783,0.00313,0.00065,,,,,,,
sample,64.816,0.00313,0.00045,,,,,,,
sample,64.853,0.00375,0.00083,,,,,,,
sample,64.900,0.00375,0.00091,,,,,,,
sample,64.933,0.00396,0.00106,,,,,,,
sample,64.966,0.00396,0.00109,,,,,,,
sample,65.000,0.00396,0.00109,,,,,,,
sample,65.033,0.00396,0.00106,,,,,,,
sample,65.067,0.00458,0.00147,,,,,,,
sample,65.104,0.00458,0.00156,,,,,,,
sample,65.152,0.00438,0.00141,,,,,,,
sample,65.186,0.00500,0.00179,,,,,,,
sample,65.220,0.00500,0.00186,,,,,,,
sample,65.253,0.00208,-0.00022,,,,,,,
sample,65.286,0.00208,-0.00080,,,,,,,
sample,65.320,0.00833,0.00347,,,,,,,
sample,65.356,0.00833,0.00460,,,,,,,
sample,65.403,0.00500,0.00248,,,,,,,
sample,65.451,0.00229,-0.00004,,,,,,,
sample,65.485,0.00229,-0.00071,,,,,,,
sample,65.518,0.00667,0.00222,,,,,,,
sample,65.552,0.00667,0.00302,,,,,,,
sample,65.585,0.00708,0.00351,,,,,,,
sample,65.618,0.00708,0.00362,,,,,,,
sample,65.653,0.00625,0.00305,,,,,,,
sample,65.686,0.00625,0.00288,,,,,,,
sample,65.719,0.00542,0.00225,,,,,,,
sample,65.752,0.00542,0.00203,,,,,,,
sample,65.785,0.00583,0.00222,,,,,,,
sample,65.835,0.00583,0.00225,,,,,,,
sample,65.869,0.00417,0.00105,,,,,,,
sample,65.918,0.00333,0.00010,,,,,,,
sample,65.952,0.00333,-0.00018,,,,,,,
sample,65.986,0.00333,-0.00029,,,,,,,
sample,66.019,0.00333,-0.00033,,,,,,,
sample,66.052,0.00375,-0.00006,,,,,,,
sample,66.086,0.00375,-0.00001,,,,,,,
sample,66.120,0.00313,-0.00047,,,,,,,
sample,66.153,0.00313,-0.00062,,,,,,,
sample,66.186,0.00271,-0.00099,,,,,,,
sample,66.220,0.00271,-0.00110,,,,,,,
sample,66.253,0.00104,-0.00232,,,,,,,
sample,66.287,0.00104,-0.00265,,,,,,,
sample,66.320,0.00063,-0.00302,,,,,,,
sample,66.355,0.00063,-0.00307,,,,,,,
sample,66.403,0.00104,-0.00275,,,,,,,
sample,66.437,0.00104,-0.00264,,,,,,,
sample,66.470,0.00083,-0.00276,,,,,,,
sample,66.504,0.00083,-0.00279,,,,,,,
sample,66.537,0.00187,-0.00203,,,,,,,
sample,66.570,0.00187,-0.00179,,,,,,,
sample,66.606,0.00104,-0.00232,,,,,,,
sample,66.654,0.00208,-0.00172,,,,,,,
sample,66.688,0.00208,-0.00154,,,,,,,
sample,66.721,0.00125,-0.00206,,,,,,,
sample,66.754,0.00125,-0.00221,,,,,,,
sample,66.788,0.00208,-0.00166,,,,,,,
sample,66.821,0.00208,-0.00152,,,,,,,
sample,66.856,0.00125,-0.00209,,,,,,,
sample,66.888,0.00125,-0.00222,,,,,,,
sample,66.921,0.00375,-0.00046,,,,,,,
sample,66.955,0.00375,0.00001,,,,,,,
sample,66.988,0.00125,-0.00166,,,,,,,
sample,67.022,0.00125,-0.00208,,,,,,,
sample,67.055,0.00271,-0.00112,,,,,,,
sample,67.089,0.00271,-0.00081,,,,,,,
sample,67.122,0.00313,-0.00042,,,,,,,
sample,67.156,0.00313,-0.00030,,,,,,,
sample,67.189,0.00083,-0.00189,,,,,,,
sample,67.222,0.00083,-0.00231,,,,,,,
sample,67.255,0.00063,-0.00255,,,,,,,
sample,67.289,0.00063,-0.00258,,,,,,,
sample,67.322,0.00333,-0.00064,,,,,,,
sample,67.355,0.00333,-0.00009,,,,,,,
sample,67.389,0.00396,0.00051,,,,,,,
sample,67.423,0.00396,0.00068,,,,,,,
sample,67.456,0.00542,0.00177,,,,,,,
sample,67.489,0.00542,0.00206,,,,,,,
sample,67.523,0.00229,-0.00008,,,,,,,
sample,67.556,0.00229,-0.00066,,,,,,,
sample,67.590,0.00229,-0.00080,,,,,,,
sample,67.624,0.00229,-0.00081,,,,,,,
sample,67.657,0.00187,-0.00111,,,,,,,
sample,67.690,0.00187,-0.00119,,,,,,,
sample,67.724,0.00146,-0.00144,,,,,,,
sample,67.757,0.00146,-0.00144,,,,,,,
sample,67.791,0.00542,0.00139,,,,,,,
sample,67.824,0.00542,0.00217,,,,,,,
sample,67.857,0.00458,0.00177,,,,,,,
sample,67.891,0.00458,0.00163,,,,,,,
sample,67.924,0.00167,-0.00045,,,,,,,
sample,67.957,0.00167,-0.00099,,,,,,,
sample,67.991,0.00167,-0.00108,,,,,,,
sample,68.024,0.00167,-0.00105,,,,,,,
sample,68.058,0.00083,-0.00159,,,,,,,
sample,68.091,0.00083,-0.00168,,,,,,,
sample,68.124,0.00333,0.00011,,,,,,,
sample,68.157,0.00333,0.00064,,,,,,,
sample,68.191,0.00229,0.00007,,,,,,,
sample,68.225,0.00229,-0.00009,,,,,,,
sample,68.258,0.00021,-0.00157,,,,,,,
sample,68.291,0.00021,-0.00195,,,,,,,
sample,68.325,0.00479,0.00123,,,,,,,
sample,68.358,0.00479,0.00211,,,,,,,
sample,68.393,0.00250,0.00071,,,,,,,
sample,68.425,0.00250,0.00033,,,,,,,
sample,68.459,0.00104,-0.00080,,,,,,,
sample,68.492,0.00104,-0.00109,,,,,,,
sample,68.525,0.00083,-0.00130,,,,,,,
sample,68.560,0.00083,-0.00133,,,,,,,
sample,68.594,0.00167,-0.00073,,,,,,,
sample,68.643,0.00167,-0.00055,,,,,,,
sample,68.676,0.00125,-0.00081,,,,,,,
sample,68.709,0.00125,-0.00088,,,,,,,
sample,68.742,0.00104,-0.00105,,,,,,,
sample,68.776,0.00104,-0.00111,,,,,,,
sample,68.809,0.00021,-0.00171,,,,,,,
sample,68.843,0.00021,-0.00187,,,,,,,
sample,68.876,0.00063,-0.00162,,,,,,,
sample,68.910,0.00063,-0.00154,,,,,,,
sample,68.943,0.00125,-0.00107,,,,,,,
sample,68.976,0.00125,-0.00093,,,,,,,
sample,69.010,0.00021,-0.00163,,,,,,,
sample,69.043,0.00021,-0.00181,,,,,,,
sample,69.077,0.00104,-0.00125,,,,,,,
sample,69.110,0.00104,-0.00108,,,,,,,
sample,69.143,0.00063,-0.00132,,,,,,,
sample,69.177,0.00063,-0.00139,,,,,,,
sample,69.210,0.00021,-0.00169,,,,,,,
sample,69.244,0.00021,-0.00175,,,,,,,
sample,69.278,0.00083,-0.00132,,,,,,,
sample,69.311,0.00083,-0.00119,,,,,,,
sample,69.344,0.00167,-0.00053,,,,,,,
sample,69.378,0.00167,-0.00033,,,,,,,
sample,69.412,0.00167,-0.00028,,,,,,,
sample,69.445,0.00167,-0.00026,,,,,,,
sample,69.477,0.00063,-0.00099,,,,,,,
sample,69.511,0.00063,-0.00117,,,,,,,
sample,69.545,0.00167,-0.00046,,,,,,,
sample,69.578,0.00167,-0.00025,,,,,,,
sample,69.611,0.00083,-0.00079,,,,,,,
sample,69.645,0.00083,-0.00094,,,,,,,
sample,69.678,0.00042,-0.00128,,,,,,,
sample,69.712,0.00042,-0.00137,,,,,,,
sample,69.745,0.00042,-0.00137,,,,,,,
sample,69.778,0.00042,-0.00134,,,,,,,
sample,69.811,0.00104,-0.00085,,,,,,,
sample,69.845,0.00104,-0.00068,,,,,,,
sample,69.879,0.00042,-0.00104,,,,,,,
sample,69.912,0.00042,-0.00109,,,,,,,
sample,69.945,0.00042,-0.00108,,,,,,,